CustomerID CustomerName                                       Region                                             Segment                                            JoinDate
---------- -------------------------------------------------- -------------------------------------------------- -------------------------------------------------- ----------
1          Ananya Das                                         East                                               Corporate                                          2023-08-19
2          Aarav Sharma                                       South                                              Consumer                                           2022-03-15
3          Saanvi Reddy                                       South                                              Consumer                                           2023-09-01
4          Aditya Reddy                                       South                                              Consumer                                           2022-02-09
5          Rahul Reddy                                        North                                              Consumer                                           2022-04-10
6          Vivaan Singh                                       South                                              Consumer                                           2022-10-18
7          Deepak Khan                                        West                                               Consumer                                           2023-02-23
8          Isha Reddy                                         East                                               Consumer                                           2024-02-05
9          Karthik Patel                                      West                                               Consumer                                           2022-09-13
10         Sai Patel                                          West                                               Consumer                                           2022-07-06
11         Riya Verma                                         South                                              Corporate                                          2024-02-20
12         Sneha Verma                                        Unknown                                            Consumer                                           2022-11-01
13         Rohan Iyer                                         West                                               Consumer                                           2023-09-08
14         Reyansh Das                                        West                                               Consumer                                           2022-08-11
15         Reyansh Verma                                      West                                               Consumer                                           2023-06-24
16         Myra Sharma                                        East                                               Corporate                                          2024-03-26
17         Ishaan Das                                         North                                              Consumer                                           2022-11-12
18         Krishna Khan                                       South                                              Corporate                                          2024-04-16
19         Isha Nair                                          Central                                            Consumer                                           2022-11-20
20         Karthik Reddy                                      north                                              Corporate                                          2022-11-16
21         Deepak Singh                                       North                                              Consumer                                           2024-06-03
22         Isha Das                                           Unknown                                            Consumer                                           2022-03-18
23         Pooja Verma                                        Unknown                                            Corporate                                          2023-03-05
24         Vihaan Verma                                       South                                              Corporate                                          2023-04-27
25         Sai Iyer                                           North                                              Consumer                                           2023-07-17
26         Pooja Khan                                         East                                               Consumer                                           2023-06-15
27         Rahul Singh                                        South                                              Unknown                                            2023-02-15
28         Pooja Patel                                        West                                               Corporate                                          2023-03-19
29         Vihaan Gupta                                       South                                              Home Office                                        2022-09-17
30         Arjun Reddy                                        West                                               Home Office                                        2024-05-05
31         Sai Das                                            North                                              Corporate                                          2023-11-05
32         Saanvi Nair                                        West                                               Consumer                                           2024-02-11
33         Naveen Das                                         West                                               Consumer                                           2024-05-05
34         Naveen Sharma                                      South                                              Home Office                                        2022-05-17
35         Reyansh Nair                                       South                                              Corporate                                          2023-06-04
36         Ishaan Das                                         South                                              Corporate                                          2022-05-18
37         Riya Reddy                                         Central                                            Consumer                                           2023-08-25
38         Isha Singh                                         Central                                            Corporate                                          2023-01-19
39         Kiara Verma                                        Central                                            Consumer                                           2022-06-02
40         Kiara Gupta                                        North                                              Corporate                                          2024-01-18
41         Ananya Iyer                                        Central                                            Corporate                                          2024-05-16
42         Ishaan Reddy                                       East                                               Consumer                                           2024-02-09
43         Kiara Sharma                                       South                                              Home Office                                        2022-11-27
44         Divya Gupta                                        West                                               Corporate                                          2022-02-09
45         Vivaan Gupta                                       West                                               Corporate                                          2022-10-21
46         Naveen Khan                                        South                                              Consumer                                           2023-09-02
47         Divya Sharma                                       East                                               Corporate                                          2022-10-14
48         Aditya Patel                                       Central                                            Home Office                                        2023-07-05
49         Aditya Khan                                        East                                               Consumer                                           2023-04-26
50         Deepak Khan                                        Central                                            Consumer                                           2023-02-08
51         Reyansh Sharma                                     central                                            Consumer                                           2024-04-26
52         Myra Gupta                                         West                                               Consumer                                           2023-10-01
53         Aarav Iyer                                         South                                              Consumer                                           2023-05-09
54         Aarav Nair                                         West                                               Corporate                                          2023-01-13
55         Pooja Gupta                                        Unknown                                            Unknown                                            2022-04-17
56         Myra Singh                                         West                                               Consumer                                           2023-01-27
57         Vivaan Patel                                       North                                              Home Office                                        2023-04-20
58         Karthik Das                                        West                                               Consumer                                           2024-06-07
59         Arun Verma                                         West                                               Consumer                                           2022-09-14
60         Priya Singh                                        Central                                            Corporate                                          2022-01-21
61         Aditya Sharma                                      west                                               Corporate                                          2023-12-18
62         Sai Gupta                                          North                                              Home Office                                        2023-05-31
63         Tara Das                                           East                                               Home Office                                        2023-02-06
64         Arun Singh                                         West                                               Corporate                                          2022-02-19
65         Pooja Iyer                                         North                                              Consumer                                           2024-01-16
66         Myra Patel                                         South                                              Corporate                                          2023-10-23
67         Saanvi Iyer                                        Central                                            Home Office                                        2023-02-15
68         Myra Patel                                         Central                                            Consumer                                           2024-04-12
69         Rahul Gupta                                        north                                              Unknown                                            2022-02-02
70         Rohan Patel                                        West                                               Consumer                                           2023-03-12
66         Myra Patel                                         South                                              Corporate                                          2023-10-23
27         Rahul Singh                                        South                                              Unknown                                            2023-02-15
67         Saanvi Iyer                                        Central                                            Home Office                                        2023-02-15

(73 rows affected)

OrderID CustomerID OrderDate  Category                                           Sales                  Quantity Discount               Profit
------- ---------- ---------- -------------------------------------------------- ---------------------- -------- ---------------------- ----------------------
7001    39         2024-04-25 Electronics                                        702.140014648438       1        0.200000002980232      235.429992675781
7002    3          2024-09-11 Electronics                                        1105.81005859375       1        0.150000005960464      383.75
7003    10         2024-12-06 Beauty                                             45.3600006103516       5        0.100000001490116      34.0999984741211
7004    3          2024-12-01 Electronics                                        865.789978027344       7        0.0500000007450581     1780.08996582031
7005    51         2024-04-19 Clothing                                           118.440002441406       3        0.150000005960464      125.129997253418
7006    47         2024-01-15 Sports                                             273.040008544922       3        0.100000001490116      248.830001831055
7007    38         2024-08-28 Electronics                                        112.889999389648       6        0                      245
7008    53         2024-01-18 Electronics                                        754.010009765625       5        0.0500000007450581     199.81166351172
7009    30         2024-03-12 Beauty                                             110.73999786377        4        0.100000001490116      111.900001525879
7010    14         2024-01-16 Sports                                             241.880004882813       2        0.0500000007450581     148.059997558594
7011    32         2024-08-15 Books                                              27.5400009155273       4        0.200000002980232      31.6399993896484
7012    24         2024-09-26 Home & Kitchen                                     374.140014648438       5        0.100000001490116      686.320007324219
7013    14         2024-02-26 Clothing                                           55.1699981689453       1        0.0500000007450581     9.22999954223633
7014    42         2024-10-04 Beauty                                             75.8399963378906       3        0.200000002980232      61.4199981689453
7015    64         2024-07-14 Electronics                                        85.5500030517578       4        0                      100.110000610352
7016    25         2024-03-24 Clothing                                           121.680000305176       1        0                      34.810001373291
7017    1          2024-06-17 Electronics                                        636.929992675781       7        0.0500000007450581     1514.78002929688
7018    33         2024-08-27 Clothing                                           122.480003356934       7        0.100000001490116      338.579986572266
7019    30         2024-02-24 Books                                              33.6399993896484       2        0                      14.4899997711182
7020    59         2024-10-17 Clothing                                           49.8400001525879       2        0.0500000007450581     17.8600006103516
7021    29         2024-11-29 Clothing                                           28.7900009155273       7        0.100000001490116      37.7999992370605
7022    69         2024-02-19 Electronics                                        91.9800033569336       1        0.0500000007450581     18.5400009155273
7023    43         2024-08-15 Books                                              45.0900001525879       4        0.0500000007450581     54.1699981689453
7024    36         2024-02-28 Home & Kitchen                                     314.829986572266       5        0.100000001490116      229.539993286133
7025    49         2024-12-08 Sports                                             142.580001831055       4        0.0500000007450581     120.019996643066
7026    62         2024-08-07 Home & Kitchen                                     82.0800018310547       3        0                      99.5999984741211
7027    68         2024-05-29 Beauty                                             23.6299991607666       7        0.0500000007450581     64.8399963378906
7028    53         2024-02-25 Beauty                                             68.7799987792969       1        0.100000001490116      21.7800006866455
7029    28         2024-04-09 Clothing                                           59.7099990844727       3        0.0500000007450581     41.6100006103516
7030    12         2024-10-08 Electronics                                        162.910003662109       7        0.0500000007450581     453.679992675781
7031    49         2024-11-01 Clothing                                           69.5899963378906       5        0                      144.369995117188
7032    37         2024-07-20 Electronics                                        288.109985351563       7        0.100000001490116      465.649993896484
7033    10         2024-05-27 Clothing                                           92.5199966430664       1        0.100000001490116      26.3600006103516
7034    31         2024-04-19 Books                                              30.3799991607666       4        0                      19.9599990844727
7035    12         2024-01-07 Clothing                                           88.0500030517578       6        0.150000005960464      142.740005493164
7036    19         2024-10-26 Home & Kitchen                                     194.740005493164       5        0.150000005960464      329.290008544922
7037    48         2024-10-27 Books                                              9.11999988555908       5        0.0500000007450581     8.18000030517578
7038    59         2024-04-19 Sports                                             255.779998779297       3        0.100000001490116      125.629997253418
7039    20         2024-07-18 Sports                                             240.199996948242       4        0.300000011920929      201.529998779297
7040    29         2024-04-12 Electronics                                        1134.43994140625       5        0.150000005960464      -1940.25
7041    57         2024-12-26 Electronics                                        683.599975585938       6        0.100000001490116      1510.31005859375
7042    39         2024-07-20 Clothing                                           145.990005493164       5        0                      227.809997558594
7043    25         2024-03-20 Books                                              55.8499984741211       6        0.150000005960464      64.3199996948242
7044    28         2024-09-08 Beauty                                             9.85999965667725       6        0.100000001490116      11.8800001144409
7045    69         2024-02-10 Beauty                                             91.7699966430664       1        0.0500000007450581     35.4000015258789
7046    18         2024-07-26 Books                                              52.7799987792969       7        0                      56.4799995422363
7047    28         2024-06-02 Clothing                                           82.7699966430664       1        0.200000002980232      25.7099990844727
7048    66         2024-10-12 Clothing                                           41.6300010681152       7        0.150000005960464      100.069999694824
7049    32         2024-11-30 Beauty                                             101.059997558594       7        0.150000005960464      260.179992675781
7050    60         2024-06-26 Beauty                                             113.970001220703       3        0.200000002980232      113.440002441406
7051    39         2024-07-25 Sports                                             182.740005493164       6        0                      314.209991455078
7052    21         2024-05-01 Clothing                                           64.2099990844727       4        0.0500000007450581     76.6800003051758
7053    12         2024-08-28 Clothing                                           59.1199989318848       1        0.0500000007450581     13.5900001525879
7054    67         2024-05-08 Beauty                                             12.3199996948242       4        0.100000001490116      15.0600004196167
7055    3          2024-09-05 Clothing                                           72.370002746582        2        0.100000001490116      55.4500007629395
7056    65         2024-10-30 Beauty                                             40.8300018310547       6        0.0500000007450581     84.8399963378906
7057    28         2024-02-02 Electronics                                        853.179992675781       2        0.0500000007450581     363.950012207031
7058    65         2024-08-28 Beauty                                             113.900001525879       7        0.100000001490116      261.799987792969
7059    9          2024-11-08 beauty                                             65.6600036621094       4        0.150000005960464      63.2299995422363
7060    69         2024-05-13 Clothing                                           78.2600021362305       3        0.150000005960464      87.1100006103516
7061    5          2024-06-22 Electronics                                        1018.75                1        0.100000001490116      -134.699996948242
7062    34         2024-06-12 Home & Kitchen                                     366.079986572266       2        0                      261.980010986328
7063    52         2024-08-04 Clothing                                           149.240005493164       2        0.100000001490116      60.8600006103516
7064    59         2024-01-31 Clothing                                           147.479995727539       1        0.100000001490116      45.7900009155273
7065    46         2024-12-19 Home & Kitchen                                     370.179992675781       6        0                      402.179992675781
7066    69         2024-06-03 Electronics                                        159.320007324219       3        0.100000001490116      73.2900009155273
7067    12         2024-02-13 Sports                                             213.25                 7        0.0500000007450581     502.399993896484
7068    38         2024-03-15 Electronics                                        336.190002441406       2        0                      151.190002441406
7069    59         2024-05-01 Clothing                                           64.7600021362305       3        0                      29.9200000762939
7070    15         2024-12-14 Electronics                                        540.669982910156       6        0.150000005960464      1163.73999023438
7071    48         2024-07-07 Electronics                                        237.699996948242       4        0.300000011920929      255.25
7072    12         2024-07-31 Clothing                                           111.809997558594       1        0.200000002980232      28.2199993133545
7073    31         2024-09-15 Home & Kitchen                                     397.690002441406       1        0.100000001490116      66.9400024414063
7074    12         2024-01-27 Beauty                                             65.5899963378906       5        0.0500000007450581     93.6999969482422
7075    3          2024-04-18 Home & Kitchen                                     254.960006713867       1        0.100000001490116      -35.0999984741211
7076    24         2024-02-02 Clothing                                           125.709999084473       3        0.100000001490116      87.9000015258789
7077    17         2024-12-11 Clothing                                           38.810001373291        4        0.300000011920929      16.5499992370605
7078    33         2024-08-18 Clothing                                           125.480003356934       6        0                      182.740005493164
7079    49         2024-03-26 Books                                              34.9900016784668       6        0                      54.1699981689453
7080    8          2024-06-18 Home & Kitchen                                     235.300003051758       2        0.150000005960464      76.0400009155273
7081    66         2024-05-28 Electronics                                        1119.23999023438       7        0.0500000007450581     2900.8701171875
7082    14         2024-10-06 Home & Kitchen                                     295.890014648438       5        0.0500000007450581     264.25
7083    49         2024-06-03 Home & Kitchen                                     399.410003662109       2        0                      348.649993896484
7084    42         2024-09-08 Home & Kitchen                                     271.25                 7        0.100000001490116      538.559997558594
7085    20         2024-12-21 Home & Kitchen                                     73.4300003051758       3        0.100000001490116      71.7099990844727
7086    24         2024-11-12 Home & Kitchen                                     348.160003662109       3        0.150000005960464      304.630004882813
7087    12         2024-07-22 Clothing                                           57.0299987792969       4        0.0500000007450581     80.1500015258789
7088    50         2024-07-15 Electronics                                        379.809997558594       1        0                      165.529998779297
7089    34         2024-12-06 Electronics                                        67.5800018310547       2        0                      20.4099998474121
7090    3          2024-07-14 Books                                              7.65000009536743       1        0                      1.87999999523163
7091    60         2024-12-11 Clothing                                           139.529998779297       5        0.0500000007450581     184.169998168945
7092    14         2024-05-05 Books                                              27.9099998474121       2        0                      -17.6100006103516
7093    69         2024-04-10 Home & Kitchen                                     129.139999389648       4        0.0500000007450581     90.7300033569336
7094    41         2024-06-20 Home & Kitchen                                     306.059997558594       5        0                      263.950012207031
7095    65         2024-11-18 Books                                              47.189998626709        5        0.0500000007450581     53.9099998474121
7096    50         2024-03-18 Electronics                                        721.469970703125       6        0                      1107.19995117188
7097    40         2024-12-16 Electronics                                        191.559997558594       3        0.100000001490116      144.389999389648
7098    15         2024-02-14 Home & Kitchen                                     390.290008544922       2        0.150000005960464      123.089996337891
7099    11         2024-09-19 Beauty                                             7.42000007629395       1        0                      1.55999994277954
7100    27         2024-01-03 Home & Kitchen                                     331.720001220703       1        0.150000005960464      115.080001831055
7101    11         2024-11-11 Electronics                                        839.429992675781       6        0.150000005960464      831.109985351563
7102    59         2024-02-01 Clothing                                           16.6000003814697       7        0.150000005960464      41.2700004577637
7103    67         2024-03-28 Clothing                                           81.370002746582        7        0                      171.630004882813
7104    9          2024-11-08 Clothing                                           26.4500007629395       4        0.100000001490116      36.2299995422363
7105    35         2024-09-15 Electronics                                        457.829986572266       4        0.0500000007450581     437.420013427734
7106    61         2024-10-28 Beauty                                             20.9899997711182       6        0.150000005960464      32.7999992370605
7107    54         2024-04-16 Home & Kitchen                                     111.730003356934       1        0.200000002980232      22.5799999237061
7108    41         2024-10-04 Sports                                             93.5800018310547       2        0.0500000007450581     27.6800003051758
7109    43         2024-03-28 Home & Kitchen                                     370.769989013672       7        0                      581.890014648438
7110    40         2024-07-05 sports                                             77.1600036621094       1        0.0500000007450581     22.7600002288818
7111    67         2024-07-22 Books                                              40.8499984741211       3        0.150000005960464      23.3099994659424
7112    57         2024-07-27 Beauty                                             110.370002746582       1        0.0500000007450581     45.189998626709
7113    55         2024-04-09 Clothing                                           125.660003662109       6        0.0500000007450581     -521.400024414063
7114    31         2024-07-10 Electronics                                        533.969970703125       1        0.0500000007450581     210.5
7115    35         2024-04-28 Sports                                             35.689998626709        6        0.200000002980232      65.8099975585938
7116    67         2024-09-20 clothing                                           93.3399963378906       4        0.0500000007450581     56.1699981689453
7117    27         2024-01-24 Beauty                                             75.2399978637695       3        0.100000001490116      85.6699981689453
7118    62         2024-05-23 Home & Kitchen                                     314.130004882813       3        0.300000011920929      239.740005493164
7119    23         2024-11-30 Beauty                                             7.38000011444092       7        0.150000005960464      15.1899995803833
7120    3          2024-09-17 Books                                              52.2400016784668       2        0.150000005960464      -20.5200004577637
7121    43         2024-03-28 Clothing                                           112.580001831055       4        0                      75.6399993896484
7122    20         2024-02-17 Clothing                                           128.630004882813       3        0.0500000007450581     148.820007324219
7123    40         2024-11-07 Clothing                                           100.150001525879       3        0                      66.2799987792969
7124    7          2024-09-21 Home & Kitchen                                     280.320007324219       4        0                      471.320007324219
7125    67         2024-11-18 Books                                              40.2299995422363       1        0.150000005960464      9.88000011444092
7126    43         2024-06-28 Clothing                                           12.8599996566772       6        0                      19.2000007629395
7127    52         2024-03-08 Electronics                                        416.359985351563       2        0.150000005960464      124.779998779297
7128    54         2024-03-12 Home & Kitchen                                     218.587524237491       6        0.100000001490116      462.010009765625
7129    6          2024-03-07 Clothing                                           42.3800010681152       7        0                      89.4300003051758
7130    40         2024-12-25 Electronics                                        123.690002441406       2        0.0500000007450581     105.23999786377
7131    32         2024-07-18 Sports                                             200.940002441406       6        0.150000005960464      166.580001831055
7132    43         2024-04-23 Electronics                                        841.869995117188       3        0.200000002980232      820.789978027344
7133    29         2024-03-31 Clothing                                           15.8900003433228       4        0                      20.7299995422363
7134    49         2024-06-16 Electronics                                        1030.28002929688       7        0.150000005960464      2391.67993164063
7135    4          2024-07-04 Beauty                                             110.919998168945       1        0.200000002980232      19.5400009155273
7136    4          2024-04-01 Books                                              20.0200004577637       4        0.150000005960464      28.8899993896484
7137    5          2024-08-10 Books                                              40.5200004577637       1        0.0500000007450581     15.6199998855591
7138    30         2024-06-02 Clothing                                           95.5599975585938       5        0                      99.6399993896484
7139    20         2024-03-10 Clothing                                           21.6900005340576       6        0.200000002980232      33.6800003051758
7140    67         2024-07-06 Sports                                             108.839996337891       2        0                      42.7000007629395
7141    14         2024-12-27 Clothing                                           46.1500015258789       3        0.0500000007450581     28.8500003814697
7142    21         2024-03-09 Electronics                                        278.779998779297       7        0                      565.119995117188
7143    24         2024-09-16 Home & Kitchen                                     394.779998779297       4        0.100000001490116      -350.390014648438
7144    50         2024-07-08 Electronics                                        117.910003662109       4        0                      78.0299987792969
7145    65         2024-03-14 Home & Kitchen                                     372.959991455078       5        0                      634.309997558594
7146    42         2024-12-28 Home & Kitchen                                     226.419998168945       2        0                      125.5
7147    53         2024-10-27 Electronics                                        487.029998779297       1        0.200000002980232      125.690002441406
7148    12         2024-06-27 Electronics                                        492.119995117188       5        0.0500000007450581     949.700012207031
7149    38         2024-02-11 Clothing                                           74.4599990844727       3        0.150000005960464      33.3600006103516
7150    18         2024-11-16 Electronics                                        296.440002441406       1        0.150000005960464      65.3300018310547
7151    43         2024-07-10 Sports                                             167.300003051758       4        0.0500000007450581     144.960006713867
7152    59         2024-11-04 Electronics                                        62.8899993896484       2        0.200000002980232      43.9099998474121
7153    53         2024-04-06 Clothing                                           147.020004272461       5        0.100000001490116      265.049987792969
7154    70         2024-11-27 Electronics                                        749.830017089844       2        0.0500000007450581     634.539978027344
7155    66         2024-04-02 Books                                              58.3699989318848       6        0.100000001490116      56.9199981689453
7156    59         2024-01-31 Electronics                                        121.080001831055       1        0                      51.5999984741211
7157    6          2024-03-31 Clothing                                           112.069999694824       3        0.0500000007450581     130.679992675781
7158    3          2024-08-04 Clothing                                           57.7599983215332       1        0                      10.8500003814697
7159    14         2024-05-24 Sports                                             189.160003662109       1        0.100000001490116      44.1300010681152
7160    28         2024-04-22 Clothing                                           88.1900024414063       5        0.0500000007450581     77.9100036621094
7161    21         2024-10-06 Electronics                                        897.440002441406       7        0                      2005.08996582031
7162    15         2024-01-12 Books                                              17.3400001525879       7        0.100000001490116      28.7600002288818
7163    29         2024-12-18 Beauty                                             86.9300003051758       -6       0.0500000007450581     129.039993286133
7164    11         2024-11-09 Sports                                             75.7900009155273       5        0.200000002980232      101.120002746582
7165    45         2024-08-20 Clothing                                           101.389999389648       6        0.150000005960464      98.8899993896484
7166    44         2024-09-30 Electronics                                        846.280029296875       7        0.100000001490116      -1113.06994628906
7167    69         2024-05-27 Clothing                                           17.3799991607666       1        0                      7.53000020980835
7168    46         2024-09-30 Electronics                                        720.900024414063       2        0.100000001490116      426.850006103516
7169    27         2024-12-16 Books                                              18.1299991607666       5        0.0500000007450581     19.8600006103516
7170    11         2024-08-18 Clothing                                           53.4799995422363       -4       0.100000001490116      74.8600006103516
7171    51         2024-03-11 Home & Kitchen                                     286.119995117188       3        0.0500000007450581     151.490005493164
7172    11         2024-10-28 Electronics                                        1041.07995605469       3        0.150000005960464      1148.57995605469
7173    6          2024-02-09 Electronics                                        1196.17004394531       3        0.300000011920929      199.81166351172
7174    11         2024-09-12 Sports                                             48.7099990844727       1        0                      11.8999996185303
7175    5          2024-10-08 Clothing                                           57.5499992370605       3        0                      49.6800003051758
7176    13         2024-03-29 Home & Kitchen                                     188.669998168945       4        0.150000005960464      250.979995727539
7177    37         2024-12-31 Books                                              7.28999996185303       5        0.100000001490116      5
7178    29         2024-10-29 Home & Kitchen                                     255.660003662109       4        0.200000002980232      315.769989013672
7179    18         2024-07-31 Clothing                                           148.149993896484       2        0                      108.099998474121
7180    15         2024-02-04 Clothing                                           45.810001373291        3        0.150000005960464      40.7900009155273
7181    13         2024-06-16 Clothing                                           57.0699996948242       2        0.100000001490116      30.0900001525879
7182    54         2024-12-29 Books                                              20.4899997711182       4        0                      15.2299995422363
7183    4          2024-01-24 Clothing                                           145.850006103516       7        0.150000005960464      223.429992675781
7184    10         2024-01-01 Electronics                                        1055.40002441406       2        0.100000001490116      343.579986572266
7185    29         2024-08-31 Books                                              56.9300003051758       3        0                      56.8400001525879
7186    25         2024-12-24 Electronics                                        908.539978027344       3        0.150000005960464      454.459991455078
7187    12         2024-05-04 Clothing                                           124.23999786377        5        0                      104.980003356934
7188    37         2024-06-10 Home & Kitchen                                     99.9199981689453       3        0                      108.01000213623
7189    15         2024-06-20 Clothing                                           67.8600006103516       3        0.100000001490116      -47.3499984741211
7190    37         2024-11-08 Electronics                                        347.670013427734       6        0                      487.179992675781
7191    23         2024-04-17 Sports                                             163.649993896484       1        0.300000011920929      48.189998626709
7192    67         2024-05-27 Books                                              48.5                   2        0.100000001490116      19.0100002288818
7193    13         2024-03-04 Electronics                                        313.209991455078       7        0                      377.160003662109
7194    9          2024-12-04 Books                                              14.4899997711182       3        0.100000001490116      15.039999961853
7195    51         2024-07-21 Beauty                                             117.389999389648       6        0.0500000007450581     126.629997253418
7196    32         2024-07-01 Home & Kitchen                                     378.720001220703       5        0.0500000007450581     804.219970703125
7197    41         2024-01-02 Electronics                                        543.409973144531       3        0                      430.959991455078
7198    22         2024-03-16 Home & Kitchen                                     373.179992675781       5        0                      290.459991455078
7199    57         2024-02-02 Home & Kitchen                                     357.179992675781       6        0.150000005960464      730.960021972656
7200    12         2024-10-24 Home & Kitchen                                     178.240005493164       2        0.150000005960464      98.0400009155273
7201    36         2024-08-03 Beauty                                             54.1300010681152       2        0                      37.060001373291
7202    1          2024-08-27 Beauty                                             13.1199998855591       3        0.0500000007450581     14.0900001525879
7203    49         2024-04-10 Electronics                                        885.210021972656       -6       0                      1475.97998046875
7204    64         2024-06-22 Clothing                                           77.370002746582        2        0.200000002980232      54.9799995422363
7205    2          2024-12-06 Clothing                                           13.9300003051758       7        0                      42.1100006103516
7206    70         2024-08-27 Home & Kitchen                                     23.9699993133545       6        0.300000011920929      39.7900009155273
7207    15         2024-11-23 Electronics                                        64.4700012207031       4        0                      99.6800003051758
7208    24         2024-07-15 Books                                              56.1300010681152       3        0.200000002980232      50.9199981689453
7209    17         2024-08-09 Electronics                                        545.809997558594       4        0                      728.679992675781
7210    30         2024-06-20 Electronics                                        822.669982910156       2        0.150000005960464      458.420013427734
7211    28         2024-06-24 Books                                              34.1399993896484       2        0.100000001490116      13.1999998092651
7212    18         2024-01-11 Home & Kitchen                                     270.950012207031       3        0.0500000007450581     283.589996337891
7213    35         2024-03-09 Electronics                                        887.039978027344       1        0                      263.899993896484
7214    21         2024-11-19 Electronics                                        982.440002441406       1        0                      346.260009765625
7215    5          2024-06-25 Home & Kitchen                                     281.260009765625       2        0                      149.649993896484
7216    47         2024-11-17 Home & Kitchen                                     59.2099990844727       5        0                      116.529998779297
7217    12         2024-02-25 Beauty                                             43.5699996948242       4        0.100000001490116      32.9500007629395
7218    57         2024-02-09 Books                                              50.4500007629395       2        0                      31.7900009155273
7219    24         2024-04-14 Sports                                             38.3800010681152       2        0.200000002980232      12.6899995803833
7220    7          2024-10-12 Books                                              41.6100006103516       6        0                      68.1600036621094
7221    2          2024-08-27 Books                                              44.2599983215332       5        0.150000005960464      54.6199989318848
7222    3          2024-02-24 Electronics                                        178.660003662109       1        0                      72.5699996948242
7223    17         2024-07-28 Clothing                                           76.5299987792969       1        0.100000001490116      24.7000007629395
7224    14         2024-06-27 Electronics                                        847.919982910156       7        0.0500000007450581     950.75
7225    68         2024-06-24 Books                                              16.7999992370605       1        0.0500000007450581     6.90999984741211
7226    63         2024-06-29 Clothing                                           36.9099998474121       5        0.150000005960464      36.5699996948242
7227    45         2024-11-24 Electronics                                        283.700012207031       6        0.300000011920929      224.630004882813
7228    46         2024-05-20 Electronics                                        1168.61999511719       7        0                      3046
7229    38         2024-04-14 Sports                                             72.9700012207031       2        0.150000005960464      43.1599998474121
7230    58         2024-02-21 Sports                                             49.8899993896484       1        0.100000001490116      -5.09999990463257
7231    36         2024-08-27 Electronics                                        1022.96002197266       4        0                      1281.28002929688
7232    50         2024-08-05 Books                                              33.6699981689453       5        0                      52.060001373291
7233    20         2024-08-03 Sports                                             103.419998168945       6        0.100000001490116      250.279998779297
7234    61         2024-02-28 Books                                              27.6800003051758       5        0.0500000007450581     51.310001373291
7235    1          2024-11-11 Home & Kitchen                                     361.859985351563       4        0.150000005960464      502.679992675781
7236    23         2024-04-01 Sports                                             285.850006103516       1        0.0500000007450581     63.25
7237    7          2024-04-18 Beauty                                             14.9700002670288       3        0.0500000007450581     15.6899995803833
7238    25         2024-05-03 Books                                              19.9599990844727       2        0.0500000007450581     12.8999996185303
7239    57         2024-06-04 Home & Kitchen                                     84.5299987792969       5        0.100000001490116      -42.5400009155273
7240    18         2024-12-21 Home & Kitchen                                     194.789993286133       3        0.0500000007450581     95.4599990844727
7241    62         2024-06-21 Beauty                                             110.650001525879       3        0.0500000007450581     113.389999389648
7242    46         2024-12-29 Clothing                                           115.769996643066       5        0                      156.610000610352
7243    52         2024-01-23 Clothing                                           121.069999694824       2        0.150000005960464      54.9599990844727
7244    2          2024-01-02 Sports                                             108.860000610352       1        0.0500000007450581     28.8999996185303
7245    43         2024-08-08 Home & Kitchen                                     308.420013427734       3        0.100000001490116      341.589996337891
7246    63         2024-09-11 Home & Kitchen                                     147.479995727539       7        0.100000001490116      248.550003051758
7247    37         2024-01-15 Sports                                             117.040000915527       7        0                      167.119995117188
7248    4          2024-07-03 Clothing                                           49.9599990844727       2        0.0500000007450581     28.4300003051758
7249    48         2024-07-12 Beauty                                             104.430000305176       1        0.100000001490116      37.7299995422363
7250    7          2024-12-11 Books                                              52.939998626709        4        0.0500000007450581     67.9000015258789
7251    29         2024-03-08 Electronics                                        282.130004882813       6        0.150000005960464      241.699996948242
7252    54         2024-04-19 Books                                              46.4500007629395       5        0.150000005960464      87.5699996948242
7253    48         2024-10-30 Home & Kitchen                                     387.209991455078       3        0                      404.630004882813
7254    6          2024-10-12 Beauty                                             67.25                  7        0.150000005960464      128.710006713867
7255    15         2024-08-01 Home & Kitchen                                     174.979995727539       6        0                      397.329986572266
7256    27         2024-04-16 Sports                                             228.479995727539       2        0                      -293.910003662109
7257    11         2024-01-11 Home & Kitchen                                     60.8499984741211       4        0                      96.5599975585938
7258    16         2024-05-26 Electronics                                        866.309997558594       2        0.0500000007450581     393.559997558594
7259    32         2024-04-26 Clothing                                           123.849998474121       3        0                      108.160003662109
7260    40         2024-08-26 Clothing                                           98.120002746582        7        0.100000001490116      200.669998168945
7261    25         2024-02-26 Home & Kitchen                                     26.3400001525879       7        0.150000005960464      70.2600021362305
7262    22         2024-08-29 Sports                                             108.139999389648       4        0                      186.520004272461
7263    17         2024-02-20 Clothing                                           108.269996643066       2        0.100000001490116      -35.4300003051758
7264    13         2024-08-09 Beauty                                             48.6500015258789       1        0.100000001490116      9.21000003814697
7265    12         2024-03-04 Books                                              24.0900001525879       5        0.100000001490116      19.0400009155273
7266    56         2024-06-27 Books                                              13.9099998474121       2        0.100000001490116      9.93000030517578
7267    15         2024-11-29 Books                                              20.4300003051758       7        0                      28.3099994659424
7268    6          2024-12-08 Beauty                                             69.4899978637695       1        0.0500000007450581     27.9300003051758
7269    6          2024-02-28 Beauty                                             52.8400001525879       6        0                      119.889999389648
7270    34         2024-07-05 Home & Kitchen                                     216.229995727539       4        0                      304.399993896484
7271    10         2024-05-02 Electronics                                        70.5899963378906       6        0.0500000007450581     73.3300018310547
7272    31         2024-10-03 Home & Kitchen                                     259.630004882813       3        0.100000001490116      183.789993286133
7273    5          2024-11-08 Home & Kitchen                                     248.960006713867       1        0                      89.7200012207031
7274    11         2024-08-02 Electronics                                        855.039978027344       3        0                      1132.91003417969
7275    65         2024-07-23 Beauty                                             42.25                  1        0.150000005960464      5.46999979019165
7276    65         2024-04-08 Home & Kitchen                                     55.7099990844727       5        0                      123.419998168945
7277    57         2024-11-02 Clothing                                           17.9899997711182       1        0                      2.72000002861023
7278    35         2024-09-19 Beauty                                             10.9399995803833       7        0                      18.0900001525879
7279    47         2024-10-14 Electronics                                        1025.16003417969       2        0.0500000007450581     199.81166351172
7280    32         2024-02-08 Home & Kitchen                                     209.039993286133       3        0.100000001490116      94.7600021362305
7281    40         2024-12-05 Books                                              52.9799995422363       7        0.100000001490116      140.679992675781
7282    44         2024-05-20 Electronics                                        782.460021972656       1        0.200000002980232      219
7283    61         2024-07-28 Beauty                                             52.7000007629395       3        0.100000001490116      26.3400001525879
7284    59         2024-10-31 Electronics                                        715.179992675781       4        0                      853.400024414063
7285    9          2024-07-18 Sports                                             237.880004882813       1        0.0500000007450581     62.5
7286    1          2024-10-10 Electronics                                        189.970001220703       4        0.100000001490116      280.260009765625
7287    34         2024-08-22 Home & Kitchen                                     352.820007324219       7        0                      376.600006103516
7288    22         2024-11-28 Sports                                             150.729995727539       4        0                      154.410003662109
7289    67         2024-03-03 Electronics                                        1078.93005371094       2        0.100000001490116      640.47998046875
7290    19         2024-08-09 Home & Kitchen                                     228.520004272461       5        0.300000011920929      154.080001831055
7291    48         2024-09-29 Electronics                                        297.720001220703       2        0.0500000007450581     -376.609985351563
7292    57         2024-08-12 Clothing                                           132.630004882813       3        0                      104.410003662109
7293    30         2024-10-29 Beauty                                             61.1800003051758       1        0.150000005960464      23.0599994659424
7294    44         2024-11-23 Sports                                             244.490005493164       2        0.0500000007450581     82.620002746582
7295    22         2024-10-07 Electronics                                        359.829986572266       1        0                      151.770004272461
7296    66         2024-09-12 Sports                                             52.1399993896484       4        0.150000005960464      45.9799995422363
7297    53         2024-09-30 Sports                                             225.160003662109       1        0.100000001490116      53.7000007629395
7298    6          2024-09-08 Home & Kitchen                                     301.25                 4        0.0500000007450581     484.140014648438
7299    38         2024-02-16 Electronics                                        360.829986572266       3        0                      483.350006103516
7300    55         2024-06-28 Home & Kitchen                                     17.1599998474121       2        0.0500000007450581     13.6499996185303
7301    34         2024-04-10 Electronics                                        679.440002441406       4        0                      894.580017089844
7302    51         2024-10-30 Electronics                                        84.9800033569336       2        0.0500000007450581     36.6199989318848
7303    34         2024-10-16 Sports                                             116.01000213623        3        0                      113.699996948242
7304    41         2024-03-17 Electronics                                        530.849975585938       1        0.150000005960464      129.949996948242
7305    37         2024-03-27 Clothing                                           138.619995117188       1        0.0500000007450581     35.8899993896484
7306    18         2024-12-16 Sports                                             178.839996337891       2        0.150000005960464      74.7799987792969
7307    36         2024-09-19 Electronics                                        938.260009765625       4        0.0500000007450581     1466.81994628906
7308    17         2024-08-05 Clothing                                           116.730003356934       7        0.150000005960464      289.630004882813
7309    19         2024-12-29 Clothing                                           148.149993896484       1        0.100000001490116      47.5699996948242
7310    17         2024-01-18 Clothing                                           85.7699966430664       7        0.100000001490116      232.520004272461
7311    3          2024-11-25 Clothing                                           109.349998474121       6        0.150000005960464      225.850006103516
7312    22         2024-11-20 Home & Kitchen                                     77.9400024414063       3        0.200000002980232      42.6699981689453
7313    8          2024-11-28 Electronics                                        317.220001220703       2        0.0500000007450581     153.839996337891
7314    19         2024-12-11 Sports                                             57.7000007629395       5        0.0500000007450581     68.5400009155273
7315    37         2024-03-16 Home & Kitchen                                     145.440002441406       1        0.200000002980232      31.6700000762939
7316    68         2024-10-23 Beauty                                             95.7099990844727       5        0.150000005960464      95.7399978637695
7317    19         2024-01-24 Books                                              58.8800010681152       4        0                      77.7200012207031
7318    62         2024-06-06 Beauty                                             68.7099990844727       3        0                      76.9199981689453
7319    10         2024-11-06 Electronics                                        710.320007324219       3        0.100000001490116      438.040008544922
7320    1          2024-09-10 Electronics                                        104.559997558594       6        0.100000001490116      103.889999389648
7321    18         2024-10-13 Electronics                                        919.059997558594       7        0.100000001490116      -2428.77001953125
7322    64         2024-09-17 Books                                              56.8800010681152       1        0                      23.8299999237061
7323    54         2024-09-07 Beauty                                             109.930000305176       7        0                      168.940002441406
7324    65         2024-03-19 Electronics                                        75.120002746582        6        0.150000005960464      144.75
7325    47         2024-04-24 Books                                              35.6399993896484       3        0                      27.9500007629395
7326    35         2024-05-03 sports                                             243.300003051758       3        0.100000001490116      194.490005493164
7327    2          2024-01-24 Electronics                                        1099.08996582031       1        0.150000005960464      325.589996337891
7328    29         2024-04-04 Sports                                             88.2399978637695       6        0.100000001490116      199.570007324219
7329    16         2024-02-14 Clothing                                           21.3099994659424       6        0.150000005960464      44.1300010681152
7330    52         2024-02-12 Sports                                             188.279998779297       1        0.0500000007450581     71.4499969482422
7331    67         2024-07-29 Clothing                                           67.3199996948242       1        0                      11.8100004196167
7332    62         2024-09-17 Home & Kitchen                                     242.449996948242       2        0                      120.459999084473
7333    4          2024-08-29 Electronics                                        697.719970703125       6        0.0500000007450581     1701.59997558594
7334    32         2024-03-15 Books                                              53.2900009155273       3        0.200000002980232      50.5999984741211
7335    50         2024-12-14 Electronics                                        972.919982910156       1        0.100000001490116      -221.949996948242
7336    15         2024-04-11 Home & Kitchen                                     175.899993896484       3        0.100000001490116      182.529998779297
7337    44         2024-07-23 Beauty                                             56.7599983215332       4        0                      70.1900024414063
7338    44         2024-02-11 Clothing                                           93.2600021362305       6        0.100000001490116      109.419998168945
7339    10         2024-04-03 Clothing                                           20.3600006103516       4        0                      -46.3300018310547
7340    12         2024-02-16 beauty                                             102.669998168945       6        0.0500000007450581     108.889999389648
7341    18         2024-04-20 Books                                              43.7799987792969       6        0.150000005960464      98.4000015258789
7342    52         2024-03-03 Sports                                             22.7199993133545       6        0                      49.4700012207031
7343    40         2024-06-05 Clothing                                           148.949996948242       7        0.100000001490116      246.699996948242
7344    43         2024-07-05 Clothing                                           49.2400016784668       3        0.200000002980232      30.3299999237061
7345    47         2024-10-15 Sports                                             90.1900024414063       6        0.100000001490116      177.380004882813
7346    64         2024-11-17 Clothing                                           92.1100006103516       4        0                      89.9100036621094
7347    21         2024-07-18 beauty                                             77.6900024414063       5        0.0500000007450581     94.5
7348    10         2024-11-15 Electronics                                        1055.10998535156       6        0                      2021.53002929688
7349    5          2024-06-30 Clothing                                           87.0899963378906       7        0.0500000007450581     141.710006713867
7350    3          2024-02-13 Beauty                                             49.0299987792969       2        0                      26.3099994659424
7351    36         2024-08-31 Home & Kitchen                                     102.889999389648       7        0                      118.080001831055
7352    37         2024-11-04 Electronics                                        929.690002441406       2        0.0500000007450581     474.769989013672
7353    51         2024-07-12 Electronics                                        857.650024414063       2        0                      665.330017089844
7354    66         2024-01-26 Electronics                                        59.0099983215332       4        0.100000001490116      57.9900016784668
7355    21         2024-12-11 Electronics                                        1033.2099609375        5        0                      1445.25
7356    5          2024-06-06 Sports                                             218.587524237491       3        0                      32.8199996948242
7357    69         2024-04-17 Clothing                                           137.550003051758       5        0.0500000007450581     126.660003662109
7358    28         2024-03-31 Electronics                                        1190.19995117188       5        0.0500000007450581     1663.09997558594
7359    6          2024-01-23 Clothing                                           63.0400009155273       5        0.150000005960464      80.4499969482422
7360    51         2024-12-24 Books                                              15.25                  6        0.0500000007450581     -30.1100006103516
7361    16         2024-02-13 Electronics                                        351.470001220703       6        0                      735.900024414063
7362    56         2024-01-21 home & kitchen                                     174.169998168945       1        0.150000005960464      48.7299995422363
7363    2          2024-09-29 Books                                              49.5800018310547       3        0.200000002980232      37.7599983215332
7364    45         2024-12-31 Electronics                                        816.25                 4        0.0500000007450581     988.340026855469
7365    38         2024-06-12 Beauty                                             43.1399993896484       5        0                      84.4300003051758
7366    8          2024-07-13 Electronics                                        557.880004882813       4        0.100000001490116      816.630004882813
7367    15         2024-08-23 Books                                              19.0100002288818       4        0.150000005960464      14.0500001907349
7368    9          2024-08-04 Electronics                                        797.909973144531       3        0.200000002980232      487.260009765625
7369    31         2024-12-07 Beauty                                             15.1099996566772       1        0.100000001490116      3.32999992370605
7370    70         2024-06-11 Books                                              47.5900001525879       6        0                      -87.7600021362305
7371    45         2024-06-24 Books                                              44.5699996948242       4        0                      39.5499992370605
7372    66         2024-09-12 Home & Kitchen                                     105.930000305176       1        0.0500000007450581     44.3800010681152
7373    49         2024-11-14 Clothing                                           109.220001220703       6        0.0500000007450581     275.109985351563
7374    6          2024-02-26 Home & Kitchen                                     52.1500015258789       2        0                      35.2200012207031
7375    47         2024-11-14 Beauty                                             74.3899993896484       5        0.150000005960464      65.2099990844727
7376    39         2024-07-30 Sports                                             41.9000015258789       7        0.200000002980232      90.0299987792969
7377    3          2024-08-12 Home & Kitchen                                     164.910003662109       3        0                      198.520004272461
7378    4          2024-04-26 Electronics                                        218.587524237491       6        0                      820.25
7379    1          2024-11-17 Beauty                                             14.9700002670288       6        0.100000001490116      24.9099998474121
7380    20         2024-08-06 Books                                              49.6800003051758       4        0.150000005960464      57.8600006103516
7381    27         2024-01-29 electronics                                        791.239990234375       7        0                      1533.77001953125
7382    16         2024-02-18 Clothing                                           47.7599983215332       2        0.0500000007450581     23.5699996948242
7383    67         2024-02-05 Beauty                                             44.189998626709        3        0                      29.8099994659424
7384    13         2024-07-20 Home & Kitchen                                     33.2599983215332       5        0.100000001490116      51.7799987792969
7385    62         2024-11-12 Clothing                                           110.330001831055       2        0.100000001490116      66.629997253418
7386    50         2024-07-13 Clothing                                           94.9199981689453       3        0                      68.8300018310547
7387    57         2024-11-14 Sports                                             203.539993286133       5        0                      196.309997558594
7388    29         2024-05-28 Beauty                                             55.8300018310547       6        0                      111.75
7389    11         2024-07-28 Electronics                                        570.159973144531       3        0.150000005960464      479.200012207031
7390    50         2024-01-17 Clothing                                           72.1699981689453       2        0.150000005960464      37.8600006103516
7391    54         2024-05-05 Beauty                                             51.0099983215332       7        0.150000005960464      100.680000305176
7392    66         2024-06-06 Sports                                             37.0200004577637       2        0.100000001490116      18.5900001525879
7393    46         2024-07-25 Clothing                                           19.1399993896484       3        0.0500000007450581     17.9400005340576
7394    19         2024-11-16 Clothing                                           104.599998474121       2        0.150000005960464      79.6100006103516
7395    2          2024-04-18 Electronics                                        749.039978027344       2        0.0500000007450581     303.470001220703
7396    14         2024-03-15 Home & Kitchen                                     297.940002441406       4        0.0500000007450581     262.609985351563
7397    37         2024-07-17 Home & Kitchen                                     393.019989013672       7        0.200000002980232      894.869995117188
7398    32         2024-02-20 Sports                                             140.470001220703       4        0.200000002980232      181.610000610352
7399    61         2024-07-22 Beauty                                             19.0300006866455       6        0.0500000007450581     39.8199996948242
7400    33         2024-06-15 Home & Kitchen                                     354.290008544922       7        0.0500000007450581     712.630004882813
7401    63         2024-10-06 Electronics                                        120.830001831055       4        0.150000005960464      93.5199966430664
7402    4          2024-12-12 Home & Kitchen                                     220.839996337891       3        0                      219.139999389648
7403    21         2024-06-23 Sports                                             29.0100002288818       7        0                      87.0299987792969
7404    63         2024-07-09 Sports                                             28.5799999237061       5        0.150000005960464      30.3400001525879
7405    13         2024-03-02 Beauty                                             39.0800018310547       4        0.100000001490116      27.8400001525879
7406    58         2024-02-23 beauty                                             108.900001525879       4        0.150000005960464      151.119995117188
7407    70         2024-09-18 Books                                              48.9199981689453       6        0                      -55.8899993896484
7408    18         2024-07-17 Books                                              36.4300003051758       5        0                      74.1399993896484
7409    37         2024-04-18 Books                                              31.7299995422363       3        0                      30.7700004577637
7410    38         2024-06-09 Books                                              33.0299987792969       4        0                      52.5800018310547
7411    58         2024-09-07 Home & Kitchen                                     101.410003662109       1        0.100000001490116      13.8800001144409
7412    34         2024-07-01 Clothing                                           116.220001220703       7        0.200000002980232      268.709991455078
7413    48         2024-04-19 Clothing                                           76.9499969482422       4        0.100000001490116      56.9900016784668
7414    57         2024-10-29 Home & Kitchen                                     102.269996643066       4        0.0500000007450581     147.070007324219
7415    26         2024-04-17 Beauty                                             28.0499992370605       7        0.0500000007450581     59.9300003051758
7416    11         2024-08-16 Electronics                                        976.049987792969       6        0                      1838.28002929688
7417    12         2024-05-19 Clothing                                           100.360000610352       6        0.0500000007450581     198.199996948242
7418    58         2024-12-09 Electronics                                        415.549987792969       2        0.100000001490116      325.700012207031
7419    26         2024-11-26 Beauty                                             85.1900024414063       1        0.150000005960464      24.5799999237061
7420    67         2024-05-04 Beauty                                             119.209999084473       3        0.0500000007450581     62.5299987792969
7421    52         2024-05-16 Books                                              36.2799987792969       6        0.100000001490116      53.2700004577637
7422    14         2024-07-10 Books                                              22.9799995422363       7        0.300000011920929      45.7900009155273
7423    40         2024-10-03 Home & Kitchen                                     263.529998779297       3        0                      318.429992675781
7424    21         2024-02-23 Electronics                                        157.210006713867       4        0.150000005960464      199.81166351172
7425    18         2024-11-12 Home & Kitchen                                     31.5799999237061       7        0.100000001490116      73.6999969482422
7426    26         2024-10-31 Clothing                                           26.2399997711182       5        0.150000005960464      21.75
7427    28         2024-11-19 Home & Kitchen                                     95.620002746582        6        0                      251.630004882813
7428    37         2024-10-03 Beauty                                             45.9099998474121       7        0                      89.9000015258789
7429    68         2024-02-26 Books                                              18.9799995422363       7        0.150000005960464      18.3899993896484
7430    41         2024-04-23 Sports                                             96.9800033569336       7        0                      133.580001831055
7431    33         2024-12-30 Sports                                             45.5900001525879       7        0                      72.9100036621094
7432    21         2024-04-04 Sports                                             282.420013427734       5        0                      507.450012207031
7433    25         2024-07-28 Clothing                                           81.129997253418        2        0                      66.3199996948242
7434    5          2024-10-27 Home & Kitchen                                     198.830001831055       2        0                      117.930000305176
7435    36         2024-10-27 Electronics                                        218.587524237491       7        0.0500000007450581     1433.91003417969
7436    36         2024-04-16 Beauty                                             76.9700012207031       7        0.0500000007450581     198.949996948242
7437    34         2024-07-08 Books                                              35.3600006103516       3        0                      29.3799991607666
7438    56         2024-12-20 Electronics                                        1137.59997558594       2        0.0500000007450581     811.159973144531
7439    22         2024-07-03 Clothing                                           142.960006713867       7        0.150000005960464      156.570007324219
7440    11         2024-10-08 Beauty                                             30.5599994659424       5        0.100000001490116      -30.1599998474121
7441    29         2024-09-05 Books                                              14.3800001144409       3        0.0500000007450581     15.1099996566772
7442    35         2024-04-04 Clothing                                           28.6900005340576       2        0                      11.6199998855591
7443    41         2024-05-09 Sports                                             46.4099998474121       3        0.0500000007450581     33.1199989318848
7444    2          2024-07-22 Beauty                                             20.8799991607666       7        0                      41.6300010681152
7445    2          2024-09-01 Electronics                                        323.769989013672       5        0                      257.410003662109
7446    35         2024-10-10 Home & Kitchen                                     187.119995117188       5        0.200000002980232      259.660003662109
7447    64         2024-03-01 Books                                              18.4099998474121       5        0                      23.9899997711182
7448    6          2024-09-25 Beauty                                             41.5699996948242       5        0.100000001490116      45.7999992370605
7449    10         2024-03-12 Clothing                                           55.9500007629395       4        0                      54.0200004577637
7450    39         2024-08-14 Electronics                                        457.410003662109       3        0.0500000007450581     463.75
7451    27         2024-02-22 Clothing                                           56                     7        0.150000005960464      102.169998168945
7452    31         2024-02-13 Sports                                             96.5400009155273       6        0.100000001490116      115.639999389648
7453    51         2024-11-26 Electronics                                        415.119995117188       1        0.150000005960464      65.8600006103516
7454    35         2024-09-17 Books                                              44.4599990844727       2        0.150000005960464      15.6300001144409
7455    8          2024-12-17 Electronics                                        508.059997558594       4        0.100000001490116      522.440002441406
7456    14         2024-01-13 Electronics                                        603.650024414063       3        0                      557.049987792969
7457    37         2024-07-17 Sports                                             272.260009765625       7        0                      -803.099975585938
7458    41         2024-04-17 Books                                              33.7400016784668       4        0.0500000007450581     31.3299999237061
7459    36         2024-06-02 Sports                                             73.9499969482422       5        0                      89.9400024414063
7460    57         2024-09-06 Clothing                                           17.3899993896484       2        0                      13.5100002288818
7461    31         2024-01-18 Home & Kitchen                                     280.619995117188       3        0                      188.009994506836
7462    67         2024-03-27 Sports                                             178.490005493164       2        0.150000005960464      77.3099975585938
7463    4          2024-01-20 Sports                                             267.820007324219       4        0                      -507.079986572266
7464    70         2024-05-18 Clothing                                           41.810001373291        6        0.0500000007450581     94.870002746582
7465    37         2024-09-06 Electronics                                        792.369995117188       1        0                      240.679992675781
7466    31         2024-04-14 Clothing                                           100.730003356934       2        0.100000001490116      38.5299987792969
7467    55         2024-10-25 Sports                                             289.410003662109       6        0                      378.809997558594
7468    11         2024-11-04 Beauty                                             57.4900016784668       5        0                      74.2300033569336
7469    61         2024-10-21 Books                                              15.1999998092651       4        0.100000001490116      19.4799995422363
7470    58         2024-04-15 Beauty                                             59.2999992370605       4        0.0500000007450581     40
7471    67         2024-11-10 Books                                              58.8400001525879       6        0.100000001490116      51.2099990844727
7472    11         2024-05-20 Home & Kitchen                                     181.75                 3        0.100000001490116      161.320007324219
7473    1          2024-04-11 Sports                                             261.359985351563       4        0.0500000007450581     182.679992675781
7474    26         2024-01-10 Books                                              52.3899993896484       7        0.0500000007450581     53.5400009155273
7475    52         2024-09-19 Books                                              17.9599990844727       4        0.150000005960464      17.6399993896484
7476    15         2024-07-05 Clothing                                           141.720001220703       3        0.100000001490116      78.9800033569336
7477    32         2024-08-07 Books                                              9.22000026702881       5        0.300000011920929      5.38000011444092
7478    32         2024-08-19 Clothing                                           75.4700012207031       2        0                      56.2099990844727
7479    62         2024-05-04 Beauty                                             42.2999992370605       4        0.150000005960464      62.6100006103516
7480    29         2024-10-11 Electronics                                        235.080001831055       1        0.100000001490116      83.0400009155273
7481    46         2024-09-18 Clothing                                           146.5                  4        0.200000002980232      115.709999084473
7482    34         2024-10-29 Books                                              47.4799995422363       3        0                      33.1300010681152
7483    30         2024-03-13 Electronics                                        191.119995117188       1        0                      46.6199989318848
7484    66         2024-03-21 Electronics                                        801.5                  5        0                      1038.41003417969
7485    60         2024-06-06 Home & Kitchen                                     212.570007324219       4        0                      184.309997558594
7486    31         2024-10-01 Home & Kitchen                                     131.990005493164       7        0.150000005960464      200.270004272461
7487    8          2024-04-07 Clothing                                           109.870002746582       7        0                      316.010009765625
7488    48         2024-03-23 Electronics                                        1158.89001464844       4        0                      842.159973144531
7489    11         2024-10-30 Clothing                                           36.5200004577637       1        0.0500000007450581     6.78999996185303
7490    32         2024-12-30 Sports                                             63.7099990844727       7        0                      -286.489990234375
7491    1          2024-12-06 Books                                              44.7299995422363       2        0.0500000007450581     19.3400001525879
7492    47         2024-03-15 Electronics                                        1140.83996582031       3        0                      1444.76000976563
7493    44         2024-05-25 Books                                              36.4500007629395       5        0                      52.4500007629395
7494    63         2024-01-05 Clothing                                           145.729995727539       2        0.200000002980232      62.310001373291
7495    26         2024-10-19 Clothing                                           88.8099975585938       1        0                      -22.3999996185303
7496    18         2024-10-12 Sports                                             133.199996948242       1        0.0500000007450581     51.4199981689453
7497    4          2024-04-19 home & kitchen                                     176.720001220703       7        0.100000001490116      291.799987792969
7498    4          2024-08-06 Beauty                                             95.7200012207031       6        0                      221.059997558594
7499    56         2024-04-22 Sports                                             11.5500001907349       7        0.100000001490116      27.0599994659424
7500    63         2024-09-01 Books                                              37.7999992370605       7        0.100000001490116      64.8199996948242
8125    95         2024-06-24 Books                                              16.7999992370605       1        0.0500000007450581     6.90999984741211
8038    96         2024-06-02 Clothing                                           95.5599975585938       5        0                      99.6399993896484
8283    97         2024-02-05 Beauty                                             44.189998626709        3        0                      29.8099994659424
8203    98         2024-10-16 Sports                                             116.01000213623        3        0                      113.699996948242

(504 rows affected)

CustomerID CustomerName                                       Region                                             Segment                                            JoinDate
---------- -------------------------------------------------- -------------------------------------------------- -------------------------------------------------- ----------

(0 rows affected)

OrderID CustomerID OrderDate  Category                                           Sales                  Quantity Discount               Profit
------- ---------- ---------- -------------------------------------------------- ---------------------- -------- ---------------------- ----------------------

(0 rows affected)

CustomerID DuplicateCount
---------- --------------
27         2
66         2
67         2

(3 rows affected)

OrderID DuplicateCount
------- --------------

(0 rows affected)

(0 rows affected)

(0 rows affected)

(0 rows affected)

(0 rows affected)

Name                                                                                                                             Owner                                                                                                                            Type                            Created_datetime
-------------------------------------------------------------------------------------------------------------------------------- -------------------------------------------------------------------------------------------------------------------------------- ------------------------------- -----------------------
Capstone_Customers_Clean                                                                                                         dbo                                                                                                                              user table                      2026-07-23 11:50:40.930

 
 
Column_name                                                                                                                      Type                                                                                                                             Computed                            Length      Prec  Scale Nullable                            TrimTrailingBlanks                  FixedLenNullInSource                Collation
-------------------------------------------------------------------------------------------------------------------------------- -------------------------------------------------------------------------------------------------------------------------------- ----------------------------------- ----------- ----- ----- ----------------------------------- ----------------------------------- ----------------------------------- --------------------------------------------------------------------------------------------------------------------------------
CustomerID                                                                                                                       tinyint                                                                                                                          no                                  1           3     0     no                                  (n/a)                               (n/a)                               NULL
CustomerName                                                                                                                     nvarchar                                                                                                                         no                                  100                     no                                  (n/a)                               (n/a)                               SQL_Latin1_General_CP1_CI_AS
Region                                                                                                                           nvarchar                                                                                                                         no                                  100                     yes                                 (n/a)                               (n/a)                               SQL_Latin1_General_CP1_CI_AS
Segment                                                                                                                          nvarchar                                                                                                                         no                                  100                     yes                                 (n/a)                               (n/a)                               SQL_Latin1_General_CP1_CI_AS
JoinDate                                                                                                                         date                                                                                                                             no                                  3           10    0     no                                  (n/a)                               (n/a)                               NULL

 
Identity                                                                                                                         Seed                                    Increment                               Not For Replication
-------------------------------------------------------------------------------------------------------------------------------- --------------------------------------- --------------------------------------- -------------------
No identity column defined.                                                                                                      NULL                                    NULL                                    NULL

 
RowGuidCol
--------------------------------------------------------------------------------------------------------------------------------
No rowguidcol column defined.

 
Data_located_on_filegroup
--------------------------------------------------------------------------------------------------------------------------------
PRIMARY

 
The object 'Capstone_Customers_Clean' does not have any indexes, or you do not have permissions.
 
No constraints are defined on object 'Capstone_Customers_Clean', or you do not have permissions.
 
No foreign keys reference table 'Capstone_Customers_Clean', or you do not have permissions on referencing tables.
No views with schema binding reference table 'Capstone_Customers_Clean'.
Name                                                                                                                             Owner                                                                                                                            Type                            Created_datetime
-------------------------------------------------------------------------------------------------------------------------------- -------------------------------------------------------------------------------------------------------------------------------- ------------------------------- -----------------------
Capstone_Orders_Clean                                                                                                            dbo                                                                                                                              user table                      2026-07-23 11:50:41.300

 
 
Column_name                                                                                                                      Type                                                                                                                             Computed                            Length      Prec  Scale Nullable                            TrimTrailingBlanks                  FixedLenNullInSource                Collation
-------------------------------------------------------------------------------------------------------------------------------- -------------------------------------------------------------------------------------------------------------------------------- ----------------------------------- ----------- ----- ----- ----------------------------------- ----------------------------------- ----------------------------------- --------------------------------------------------------------------------------------------------------------------------------
OrderID                                                                                                                          smallint                                                                                                                         no                                  2           5     0     no                                  (n/a)                               (n/a)                               NULL
CustomerID                                                                                                                       tinyint                                                                                                                          no                                  1           3     0     no                                  (n/a)                               (n/a)                               NULL
OrderDate                                                                                                                        date                                                                                                                             no                                  3           10    0     no                                  (n/a)                               (n/a)                               NULL
Category                                                                                                                         nvarchar                                                                                                                         no                                  100                     no                                  (n/a)                               (n/a)                               SQL_Latin1_General_CP1_CI_AS
Sales                                                                                                                            float                                                                                                                            no                                  8           53    NULL  yes                                 (n/a)                               (n/a)                               NULL
Quantity                                                                                                                         smallint                                                                                                                         no                                  2           5     0     no                                  (n/a)                               (n/a)                               NULL
Discount                                                                                                                         float                                                                                                                            no                                  8           53    NULL  no                                  (n/a)                               (n/a)                               NULL
Profit                                                                                                                           float                                                                                                                            no                                  8           53    NULL  yes                                 (n/a)                               (n/a)                               NULL

 
Identity                                                                                                                         Seed                                    Increment                               Not For Replication
-------------------------------------------------------------------------------------------------------------------------------- --------------------------------------- --------------------------------------- -------------------
No identity column defined.                                                                                                      NULL                                    NULL                                    NULL

 
RowGuidCol
--------------------------------------------------------------------------------------------------------------------------------
No rowguidcol column defined.

 
Data_located_on_filegroup
--------------------------------------------------------------------------------------------------------------------------------
PRIMARY

 
The object 'Capstone_Orders_Clean' does not have any indexes, or you do not have permissions.
 
No constraints are defined on object 'Capstone_Orders_Clean', or you do not have permissions.
 
No foreign keys reference table 'Capstone_Orders_Clean', or you do not have permissions on referencing tables.
No views with schema binding reference table 'Capstone_Orders_Clean'.
CustomerID CustomerName                                       Region                                             Segment                                            OrderID OrderDate  Category                                           Sales                  Profit
---------- -------------------------------------------------- -------------------------------------------------- -------------------------------------------------- ------- ---------- -------------------------------------------------- ---------------------- ----------------------
39         Kiara Verma                                        Central                                            Consumer                                           7001    2024-04-25 Electronics                                        702.140014648438       235.429992675781
3          Saanvi Reddy                                       South                                              Consumer                                           7002    2024-09-11 Electronics                                        1105.81005859375       383.75
10         Sai Patel                                          West                                               Consumer                                           7003    2024-12-06 Beauty                                             45.3600006103516       34.0999984741211
3          Saanvi Reddy                                       South                                              Consumer                                           7004    2024-12-01 Electronics                                        865.789978027344       1780.08996582031
51         Reyansh Sharma                                     central                                            Consumer                                           7005    2024-04-19 Clothing                                           118.440002441406       125.129997253418
47         Divya Sharma                                       East                                               Corporate                                          7006    2024-01-15 Sports                                             273.040008544922       248.830001831055
38         Isha Singh                                         Central                                            Corporate                                          7007    2024-08-28 Electronics                                        112.889999389648       245
53         Aarav Iyer                                         South                                              Consumer                                           7008    2024-01-18 Electronics                                        754.010009765625       199.81166351172
30         Arjun Reddy                                        West                                               Home Office                                        7009    2024-03-12 Beauty                                             110.73999786377        111.900001525879
14         Reyansh Das                                        West                                               Consumer                                           7010    2024-01-16 Sports                                             241.880004882813       148.059997558594
32         Saanvi Nair                                        West                                               Consumer                                           7011    2024-08-15 Books                                              27.5400009155273       31.6399993896484
24         Vihaan Verma                                       South                                              Corporate                                          7012    2024-09-26 Home & Kitchen                                     374.140014648438       686.320007324219
14         Reyansh Das                                        West                                               Consumer                                           7013    2024-02-26 Clothing                                           55.1699981689453       9.22999954223633
42         Ishaan Reddy                                       East                                               Consumer                                           7014    2024-10-04 Beauty                                             75.8399963378906       61.4199981689453
64         Arun Singh                                         West                                               Corporate                                          7015    2024-07-14 Electronics                                        85.5500030517578       100.110000610352
25         Sai Iyer                                           North                                              Consumer                                           7016    2024-03-24 Clothing                                           121.680000305176       34.810001373291
1          Ananya Das                                         East                                               Corporate                                          7017    2024-06-17 Electronics                                        636.929992675781       1514.78002929688
33         Naveen Das                                         West                                               Consumer                                           7018    2024-08-27 Clothing                                           122.480003356934       338.579986572266
30         Arjun Reddy                                        West                                               Home Office                                        7019    2024-02-24 Books                                              33.6399993896484       14.4899997711182
59         Arun Verma                                         West                                               Consumer                                           7020    2024-10-17 Clothing                                           49.8400001525879       17.8600006103516
29         Vihaan Gupta                                       South                                              Home Office                                        7021    2024-11-29 Clothing                                           28.7900009155273       37.7999992370605
69         Rahul Gupta                                        north                                              NULL                                               7022    2024-02-19 Electronics                                        91.9800033569336       18.5400009155273
43         Kiara Sharma                                       South                                              Home Office                                        7023    2024-08-15 Books                                              45.0900001525879       54.1699981689453
36         Ishaan Das                                         South                                              Corporate                                          7024    2024-02-28 Home & Kitchen                                     314.829986572266       229.539993286133
49         Aditya Khan                                        East                                               Consumer                                           7025    2024-12-08 Sports                                             142.580001831055       120.019996643066
62         Sai Gupta                                          North                                              Home Office                                        7026    2024-08-07 Home & Kitchen                                     82.0800018310547       99.5999984741211
68         Myra Patel                                         Central                                            Consumer                                           7027    2024-05-29 Beauty                                             23.6299991607666       64.8399963378906
53         Aarav Iyer                                         South                                              Consumer                                           7028    2024-02-25 Beauty                                             68.7799987792969       21.7800006866455
28         Pooja Patel                                        West                                               Corporate                                          7029    2024-04-09 Clothing                                           59.7099990844727       41.6100006103516
12         Sneha Verma                                        NULL                                               Consumer                                           7030    2024-10-08 Electronics                                        162.910003662109       453.679992675781
49         Aditya Khan                                        East                                               Consumer                                           7031    2024-11-01 Clothing                                           69.5899963378906       144.369995117188
37         Riya Reddy                                         Central                                            Consumer                                           7032    2024-07-20 Electronics                                        288.109985351563       465.649993896484
10         Sai Patel                                          West                                               Consumer                                           7033    2024-05-27 Clothing                                           92.5199966430664       26.3600006103516
31         Sai Das                                            North                                              Corporate                                          7034    2024-04-19 Books                                              30.3799991607666       19.9599990844727
12         Sneha Verma                                        NULL                                               Consumer                                           7035    2024-01-07 Clothing                                           88.0500030517578       142.740005493164
19         Isha Nair                                          Central                                            Consumer                                           7036    2024-10-26 Home & Kitchen                                     194.740005493164       329.290008544922
48         Aditya Patel                                       Central                                            Home Office                                        7037    2024-10-27 Books                                              9.11999988555908       8.18000030517578
59         Arun Verma                                         West                                               Consumer                                           7038    2024-04-19 Sports                                             255.779998779297       125.629997253418
20         Karthik Reddy                                      north                                              Corporate                                          7039    2024-07-18 Sports                                             240.199996948242       201.529998779297
29         Vihaan Gupta                                       South                                              Home Office                                        7040    2024-04-12 Electronics                                        1134.43994140625       -1940.25
57         Vivaan Patel                                       North                                              Home Office                                        7041    2024-12-26 Electronics                                        683.599975585938       1510.31005859375
39         Kiara Verma                                        Central                                            Consumer                                           7042    2024-07-20 Clothing                                           145.990005493164       227.809997558594
25         Sai Iyer                                           North                                              Consumer                                           7043    2024-03-20 Books                                              55.8499984741211       64.3199996948242
28         Pooja Patel                                        West                                               Corporate                                          7044    2024-09-08 Beauty                                             9.85999965667725       11.8800001144409
69         Rahul Gupta                                        north                                              NULL                                               7045    2024-02-10 Beauty                                             91.7699966430664       35.4000015258789
18         Krishna Khan                                       South                                              Corporate                                          7046    2024-07-26 Books                                              52.7799987792969       56.4799995422363
28         Pooja Patel                                        West                                               Corporate                                          7047    2024-06-02 Clothing                                           82.7699966430664       25.7099990844727
66         Myra Patel                                         South                                              Corporate                                          7048    2024-10-12 Clothing                                           41.6300010681152       100.069999694824
66         Myra Patel                                         South                                              Corporate                                          7048    2024-10-12 Clothing                                           41.6300010681152       100.069999694824
32         Saanvi Nair                                        West                                               Consumer                                           7049    2024-11-30 Beauty                                             101.059997558594       260.179992675781
60         Priya Singh                                        Central                                            Corporate                                          7050    2024-06-26 Beauty                                             113.970001220703       113.440002441406
39         Kiara Verma                                        Central                                            Consumer                                           7051    2024-07-25 Sports                                             182.740005493164       314.209991455078
21         Deepak Singh                                       North                                              Consumer                                           7052    2024-05-01 Clothing                                           64.2099990844727       76.6800003051758
12         Sneha Verma                                        NULL                                               Consumer                                           7053    2024-08-28 Clothing                                           59.1199989318848       13.5900001525879
67         Saanvi Iyer                                        Central                                            Home Office                                        7054    2024-05-08 Beauty                                             12.3199996948242       15.0600004196167
67         Saanvi Iyer                                        Central                                            Home Office                                        7054    2024-05-08 Beauty                                             12.3199996948242       15.0600004196167
3          Saanvi Reddy                                       South                                              Consumer                                           7055    2024-09-05 Clothing                                           72.370002746582        55.4500007629395
65         Pooja Iyer                                         North                                              Consumer                                           7056    2024-10-30 Beauty                                             40.8300018310547       84.8399963378906
28         Pooja Patel                                        West                                               Corporate                                          7057    2024-02-02 Electronics                                        853.179992675781       363.950012207031
65         Pooja Iyer                                         North                                              Consumer                                           7058    2024-08-28 Beauty                                             113.900001525879       261.799987792969
9          Karthik Patel                                      West                                               Consumer                                           7059    2024-11-08 beauty                                             65.6600036621094       63.2299995422363
69         Rahul Gupta                                        north                                              NULL                                               7060    2024-05-13 Clothing                                           78.2600021362305       87.1100006103516
5          Rahul Reddy                                        North                                              Consumer                                           7061    2024-06-22 Electronics                                        1018.75                -134.699996948242
34         Naveen Sharma                                      South                                              Home Office                                        7062    2024-06-12 Home & Kitchen                                     366.079986572266       261.980010986328
52         Myra Gupta                                         West                                               Consumer                                           7063    2024-08-04 Clothing                                           149.240005493164       60.8600006103516
59         Arun Verma                                         West                                               Consumer                                           7064    2024-01-31 Clothing                                           147.479995727539       45.7900009155273
46         Naveen Khan                                        South                                              Consumer                                           7065    2024-12-19 Home & Kitchen                                     370.179992675781       402.179992675781
69         Rahul Gupta                                        north                                              NULL                                               7066    2024-06-03 Electronics                                        159.320007324219       73.2900009155273
12         Sneha Verma                                        NULL                                               Consumer                                           7067    2024-02-13 Sports                                             213.25                 502.399993896484
38         Isha Singh                                         Central                                            Corporate                                          7068    2024-03-15 Electronics                                        336.190002441406       151.190002441406
59         Arun Verma                                         West                                               Consumer                                           7069    2024-05-01 Clothing                                           64.7600021362305       29.9200000762939
15         Reyansh Verma                                      West                                               Consumer                                           7070    2024-12-14 Electronics                                        540.669982910156       1163.73999023438
48         Aditya Patel                                       Central                                            Home Office                                        7071    2024-07-07 Electronics                                        237.699996948242       255.25
12         Sneha Verma                                        NULL                                               Consumer                                           7072    2024-07-31 Clothing                                           111.809997558594       28.2199993133545
31         Sai Das                                            North                                              Corporate                                          7073    2024-09-15 Home & Kitchen                                     397.690002441406       66.9400024414063
12         Sneha Verma                                        NULL                                               Consumer                                           7074    2024-01-27 Beauty                                             65.5899963378906       93.6999969482422
3          Saanvi Reddy                                       South                                              Consumer                                           7075    2024-04-18 Home & Kitchen                                     254.960006713867       -35.0999984741211
24         Vihaan Verma                                       South                                              Corporate                                          7076    2024-02-02 Clothing                                           125.709999084473       87.9000015258789
17         Ishaan Das                                         North                                              Consumer                                           7077    2024-12-11 Clothing                                           38.810001373291        16.5499992370605
33         Naveen Das                                         West                                               Consumer                                           7078    2024-08-18 Clothing                                           125.480003356934       182.740005493164
49         Aditya Khan                                        East                                               Consumer                                           7079    2024-03-26 Books                                              34.9900016784668       54.1699981689453
8          Isha Reddy                                         East                                               Consumer                                           7080    2024-06-18 Home & Kitchen                                     235.300003051758       76.0400009155273
66         Myra Patel                                         South                                              Corporate                                          7081    2024-05-28 Electronics                                        1119.23999023438       2900.8701171875
66         Myra Patel                                         South                                              Corporate                                          7081    2024-05-28 Electronics                                        1119.23999023438       2900.8701171875
14         Reyansh Das                                        West                                               Consumer                                           7082    2024-10-06 Home & Kitchen                                     295.890014648438       264.25
49         Aditya Khan                                        East                                               Consumer                                           7083    2024-06-03 Home & Kitchen                                     399.410003662109       348.649993896484
42         Ishaan Reddy                                       East                                               Consumer                                           7084    2024-09-08 Home & Kitchen                                     271.25                 538.559997558594
20         Karthik Reddy                                      north                                              Corporate                                          7085    2024-12-21 Home & Kitchen                                     73.4300003051758       71.7099990844727
24         Vihaan Verma                                       South                                              Corporate                                          7086    2024-11-12 Home & Kitchen                                     348.160003662109       304.630004882813
12         Sneha Verma                                        NULL                                               Consumer                                           7087    2024-07-22 Clothing                                           57.0299987792969       80.1500015258789
50         Deepak Khan                                        Central                                            Consumer                                           7088    2024-07-15 Electronics                                        379.809997558594       165.529998779297
34         Naveen Sharma                                      South                                              Home Office                                        7089    2024-12-06 Electronics                                        67.5800018310547       20.4099998474121
3          Saanvi Reddy                                       South                                              Consumer                                           7090    2024-07-14 Books                                              7.65000009536743       1.87999999523163
60         Priya Singh                                        Central                                            Corporate                                          7091    2024-12-11 Clothing                                           139.529998779297       184.169998168945
14         Reyansh Das                                        West                                               Consumer                                           7092    2024-05-05 Books                                              27.9099998474121       -17.6100006103516
69         Rahul Gupta                                        north                                              NULL                                               7093    2024-04-10 Home & Kitchen                                     129.139999389648       90.7300033569336
41         Ananya Iyer                                        Central                                            Corporate                                          7094    2024-06-20 Home & Kitchen                                     306.059997558594       263.950012207031
65         Pooja Iyer                                         North                                              Consumer                                           7095    2024-11-18 Books                                              47.189998626709        53.9099998474121
50         Deepak Khan                                        Central                                            Consumer                                           7096    2024-03-18 Electronics                                        721.469970703125       1107.19995117188
40         Kiara Gupta                                        North                                              Corporate                                          7097    2024-12-16 Electronics                                        191.559997558594       144.389999389648
15         Reyansh Verma                                      West                                               Consumer                                           7098    2024-02-14 Home & Kitchen                                     390.290008544922       123.089996337891
11         Riya Verma                                         South                                              Corporate                                          7099    2024-09-19 Beauty                                             7.42000007629395       1.55999994277954
27         Rahul Singh                                        South                                              NULL                                               7100    2024-01-03 Home & Kitchen                                     331.720001220703       115.080001831055
27         Rahul Singh                                        South                                              NULL                                               7100    2024-01-03 Home & Kitchen                                     331.720001220703       115.080001831055
11         Riya Verma                                         South                                              Corporate                                          7101    2024-11-11 Electronics                                        839.429992675781       831.109985351563
59         Arun Verma                                         West                                               Consumer                                           7102    2024-02-01 Clothing                                           16.6000003814697       41.2700004577637
67         Saanvi Iyer                                        Central                                            Home Office                                        7103    2024-03-28 Clothing                                           81.370002746582        171.630004882813
67         Saanvi Iyer                                        Central                                            Home Office                                        7103    2024-03-28 Clothing                                           81.370002746582        171.630004882813
9          Karthik Patel                                      West                                               Consumer                                           7104    2024-11-08 Clothing                                           26.4500007629395       36.2299995422363
35         Reyansh Nair                                       South                                              Corporate                                          7105    2024-09-15 Electronics                                        457.829986572266       437.420013427734
61         Aditya Sharma                                      west                                               Corporate                                          7106    2024-10-28 Beauty                                             20.9899997711182       32.7999992370605
54         Aarav Nair                                         West                                               Corporate                                          7107    2024-04-16 Home & Kitchen                                     111.730003356934       22.5799999237061
41         Ananya Iyer                                        Central                                            Corporate                                          7108    2024-10-04 Sports                                             93.5800018310547       27.6800003051758
43         Kiara Sharma                                       South                                              Home Office                                        7109    2024-03-28 Home & Kitchen                                     370.769989013672       581.890014648438
40         Kiara Gupta                                        North                                              Corporate                                          7110    2024-07-05 sports                                             77.1600036621094       22.7600002288818
67         Saanvi Iyer                                        Central                                            Home Office                                        7111    2024-07-22 Books                                              40.8499984741211       23.3099994659424
67         Saanvi Iyer                                        Central                                            Home Office                                        7111    2024-07-22 Books                                              40.8499984741211       23.3099994659424
57         Vivaan Patel                                       North                                              Home Office                                        7112    2024-07-27 Beauty                                             110.370002746582       45.189998626709
55         Pooja Gupta                                        NULL                                               NULL                                               7113    2024-04-09 Clothing                                           125.660003662109       -521.400024414063
31         Sai Das                                            North                                              Corporate                                          7114    2024-07-10 Electronics                                        533.969970703125       210.5
35         Reyansh Nair                                       South                                              Corporate                                          7115    2024-04-28 Sports                                             35.689998626709        65.8099975585938
67         Saanvi Iyer                                        Central                                            Home Office                                        7116    2024-09-20 clothing                                           93.3399963378906       56.1699981689453
67         Saanvi Iyer                                        Central                                            Home Office                                        7116    2024-09-20 clothing                                           93.3399963378906       56.1699981689453
27         Rahul Singh                                        South                                              NULL                                               7117    2024-01-24 Beauty                                             75.2399978637695       85.6699981689453
27         Rahul Singh                                        South                                              NULL                                               7117    2024-01-24 Beauty                                             75.2399978637695       85.6699981689453
62         Sai Gupta                                          North                                              Home Office                                        7118    2024-05-23 Home & Kitchen                                     314.130004882813       239.740005493164
23         Pooja Verma                                        NULL                                               Corporate                                          7119    2024-11-30 Beauty                                             7.38000011444092       15.1899995803833
3          Saanvi Reddy                                       South                                              Consumer                                           7120    2024-09-17 Books                                              52.2400016784668       -20.5200004577637
43         Kiara Sharma                                       South                                              Home Office                                        7121    2024-03-28 Clothing                                           112.580001831055       75.6399993896484
20         Karthik Reddy                                      north                                              Corporate                                          7122    2024-02-17 Clothing                                           128.630004882813       148.820007324219
40         Kiara Gupta                                        North                                              Corporate                                          7123    2024-11-07 Clothing                                           100.150001525879       66.2799987792969
7          Deepak Khan                                        West                                               Consumer                                           7124    2024-09-21 Home & Kitchen                                     280.320007324219       471.320007324219
67         Saanvi Iyer                                        Central                                            Home Office                                        7125    2024-11-18 Books                                              40.2299995422363       9.88000011444092
67         Saanvi Iyer                                        Central                                            Home Office                                        7125    2024-11-18 Books                                              40.2299995422363       9.88000011444092
43         Kiara Sharma                                       South                                              Home Office                                        7126    2024-06-28 Clothing                                           12.8599996566772       19.2000007629395
52         Myra Gupta                                         West                                               Consumer                                           7127    2024-03-08 Electronics                                        416.359985351563       124.779998779297
54         Aarav Nair                                         West                                               Corporate                                          7128    2024-03-12 Home & Kitchen                                     218.587524237491       462.010009765625
6          Vivaan Singh                                       South                                              Consumer                                           7129    2024-03-07 Clothing                                           42.3800010681152       89.4300003051758
40         Kiara Gupta                                        North                                              Corporate                                          7130    2024-12-25 Electronics                                        123.690002441406       105.23999786377
32         Saanvi Nair                                        West                                               Consumer                                           7131    2024-07-18 Sports                                             200.940002441406       166.580001831055
43         Kiara Sharma                                       South                                              Home Office                                        7132    2024-04-23 Electronics                                        841.869995117188       820.789978027344
29         Vihaan Gupta                                       South                                              Home Office                                        7133    2024-03-31 Clothing                                           15.8900003433228       20.7299995422363
49         Aditya Khan                                        East                                               Consumer                                           7134    2024-06-16 Electronics                                        1030.28002929688       2391.67993164063
4          Aditya Reddy                                       South                                              Consumer                                           7135    2024-07-04 Beauty                                             110.919998168945       19.5400009155273
4          Aditya Reddy                                       South                                              Consumer                                           7136    2024-04-01 Books                                              20.0200004577637       28.8899993896484
5          Rahul Reddy                                        North                                              Consumer                                           7137    2024-08-10 Books                                              40.5200004577637       15.6199998855591
30         Arjun Reddy                                        West                                               Home Office                                        7138    2024-06-02 Clothing                                           95.5599975585938       99.6399993896484
20         Karthik Reddy                                      north                                              Corporate                                          7139    2024-03-10 Clothing                                           21.6900005340576       33.6800003051758
67         Saanvi Iyer                                        Central                                            Home Office                                        7140    2024-07-06 Sports                                             108.839996337891       42.7000007629395
67         Saanvi Iyer                                        Central                                            Home Office                                        7140    2024-07-06 Sports                                             108.839996337891       42.7000007629395
14         Reyansh Das                                        West                                               Consumer                                           7141    2024-12-27 Clothing                                           46.1500015258789       28.8500003814697
21         Deepak Singh                                       North                                              Consumer                                           7142    2024-03-09 Electronics                                        278.779998779297       565.119995117188
24         Vihaan Verma                                       South                                              Corporate                                          7143    2024-09-16 Home & Kitchen                                     394.779998779297       -350.390014648438
50         Deepak Khan                                        Central                                            Consumer                                           7144    2024-07-08 Electronics                                        117.910003662109       78.0299987792969
65         Pooja Iyer                                         North                                              Consumer                                           7145    2024-03-14 Home & Kitchen                                     372.959991455078       634.309997558594
42         Ishaan Reddy                                       East                                               Consumer                                           7146    2024-12-28 Home & Kitchen                                     226.419998168945       125.5
53         Aarav Iyer                                         South                                              Consumer                                           7147    2024-10-27 Electronics                                        487.029998779297       125.690002441406
12         Sneha Verma                                        NULL                                               Consumer                                           7148    2024-06-27 Electronics                                        492.119995117188       949.700012207031
38         Isha Singh                                         Central                                            Corporate                                          7149    2024-02-11 Clothing                                           74.4599990844727       33.3600006103516
18         Krishna Khan                                       South                                              Corporate                                          7150    2024-11-16 Electronics                                        296.440002441406       65.3300018310547
43         Kiara Sharma                                       South                                              Home Office                                        7151    2024-07-10 Sports                                             167.300003051758       144.960006713867
59         Arun Verma                                         West                                               Consumer                                           7152    2024-11-04 Electronics                                        62.8899993896484       43.9099998474121
53         Aarav Iyer                                         South                                              Consumer                                           7153    2024-04-06 Clothing                                           147.020004272461       265.049987792969
70         Rohan Patel                                        West                                               Consumer                                           7154    2024-11-27 Electronics                                        749.830017089844       634.539978027344
66         Myra Patel                                         South                                              Corporate                                          7155    2024-04-02 Books                                              58.3699989318848       56.9199981689453
66         Myra Patel                                         South                                              Corporate                                          7155    2024-04-02 Books                                              58.3699989318848       56.9199981689453
59         Arun Verma                                         West                                               Consumer                                           7156    2024-01-31 Electronics                                        121.080001831055       51.5999984741211
6          Vivaan Singh                                       South                                              Consumer                                           7157    2024-03-31 Clothing                                           112.069999694824       130.679992675781
3          Saanvi Reddy                                       South                                              Consumer                                           7158    2024-08-04 Clothing                                           57.7599983215332       10.8500003814697
14         Reyansh Das                                        West                                               Consumer                                           7159    2024-05-24 Sports                                             189.160003662109       44.1300010681152
28         Pooja Patel                                        West                                               Corporate                                          7160    2024-04-22 Clothing                                           88.1900024414063       77.9100036621094
21         Deepak Singh                                       North                                              Consumer                                           7161    2024-10-06 Electronics                                        897.440002441406       2005.08996582031
15         Reyansh Verma                                      West                                               Consumer                                           7162    2024-01-12 Books                                              17.3400001525879       28.7600002288818
29         Vihaan Gupta                                       South                                              Home Office                                        7163    2024-12-18 Beauty                                             86.9300003051758       129.039993286133
11         Riya Verma                                         South                                              Corporate                                          7164    2024-11-09 Sports                                             75.7900009155273       101.120002746582
45         Vivaan Gupta                                       West                                               Corporate                                          7165    2024-08-20 Clothing                                           101.389999389648       98.8899993896484
44         Divya Gupta                                        West                                               Corporate                                          7166    2024-09-30 Electronics                                        846.280029296875       -1113.06994628906
69         Rahul Gupta                                        north                                              NULL                                               7167    2024-05-27 Clothing                                           17.3799991607666       7.53000020980835
46         Naveen Khan                                        South                                              Consumer                                           7168    2024-09-30 Electronics                                        720.900024414063       426.850006103516
27         Rahul Singh                                        South                                              NULL                                               7169    2024-12-16 Books                                              18.1299991607666       19.8600006103516
27         Rahul Singh                                        South                                              NULL                                               7169    2024-12-16 Books                                              18.1299991607666       19.8600006103516
11         Riya Verma                                         South                                              Corporate                                          7170    2024-08-18 Clothing                                           53.4799995422363       74.8600006103516
51         Reyansh Sharma                                     central                                            Consumer                                           7171    2024-03-11 Home & Kitchen                                     286.119995117188       151.490005493164
11         Riya Verma                                         South                                              Corporate                                          7172    2024-10-28 Electronics                                        1041.07995605469       1148.57995605469
6          Vivaan Singh                                       South                                              Consumer                                           7173    2024-02-09 Electronics                                        1196.17004394531       199.81166351172
11         Riya Verma                                         South                                              Corporate                                          7174    2024-09-12 Sports                                             48.7099990844727       11.8999996185303
5          Rahul Reddy                                        North                                              Consumer                                           7175    2024-10-08 Clothing                                           57.5499992370605       49.6800003051758
13         Rohan Iyer                                         West                                               Consumer                                           7176    2024-03-29 Home & Kitchen                                     188.669998168945       250.979995727539
37         Riya Reddy                                         Central                                            Consumer                                           7177    2024-12-31 Books                                              7.28999996185303       5
29         Vihaan Gupta                                       South                                              Home Office                                        7178    2024-10-29 Home & Kitchen                                     255.660003662109       315.769989013672
18         Krishna Khan                                       South                                              Corporate                                          7179    2024-07-31 Clothing                                           148.149993896484       108.099998474121
15         Reyansh Verma                                      West                                               Consumer                                           7180    2024-02-04 Clothing                                           45.810001373291        40.7900009155273
13         Rohan Iyer                                         West                                               Consumer                                           7181    2024-06-16 Clothing                                           57.0699996948242       30.0900001525879
54         Aarav Nair                                         West                                               Corporate                                          7182    2024-12-29 Books                                              20.4899997711182       15.2299995422363
4          Aditya Reddy                                       South                                              Consumer                                           7183    2024-01-24 Clothing                                           145.850006103516       223.429992675781
10         Sai Patel                                          West                                               Consumer                                           7184    2024-01-01 Electronics                                        1055.40002441406       343.579986572266
29         Vihaan Gupta                                       South                                              Home Office                                        7185    2024-08-31 Books                                              56.9300003051758       56.8400001525879
25         Sai Iyer                                           North                                              Consumer                                           7186    2024-12-24 Electronics                                        908.539978027344       454.459991455078
12         Sneha Verma                                        NULL                                               Consumer                                           7187    2024-05-04 Clothing                                           124.23999786377        104.980003356934
37         Riya Reddy                                         Central                                            Consumer                                           7188    2024-06-10 Home & Kitchen                                     99.9199981689453       108.01000213623
15         Reyansh Verma                                      West                                               Consumer                                           7189    2024-06-20 Clothing                                           67.8600006103516       -47.3499984741211
37         Riya Reddy                                         Central                                            Consumer                                           7190    2024-11-08 Electronics                                        347.670013427734       487.179992675781
23         Pooja Verma                                        NULL                                               Corporate                                          7191    2024-04-17 Sports                                             163.649993896484       48.189998626709
67         Saanvi Iyer                                        Central                                            Home Office                                        7192    2024-05-27 Books                                              48.5                   19.0100002288818
67         Saanvi Iyer                                        Central                                            Home Office                                        7192    2024-05-27 Books                                              48.5                   19.0100002288818
13         Rohan Iyer                                         West                                               Consumer                                           7193    2024-03-04 Electronics                                        313.209991455078       377.160003662109
9          Karthik Patel                                      West                                               Consumer                                           7194    2024-12-04 Books                                              14.4899997711182       15.039999961853
51         Reyansh Sharma                                     central                                            Consumer                                           7195    2024-07-21 Beauty                                             117.389999389648       126.629997253418
32         Saanvi Nair                                        West                                               Consumer                                           7196    2024-07-01 Home & Kitchen                                     378.720001220703       804.219970703125
41         Ananya Iyer                                        Central                                            Corporate                                          7197    2024-01-02 Electronics                                        543.409973144531       430.959991455078
22         Isha Das                                           NULL                                               Consumer                                           7198    2024-03-16 Home & Kitchen                                     373.179992675781       290.459991455078
57         Vivaan Patel                                       North                                              Home Office                                        7199    2024-02-02 Home & Kitchen                                     357.179992675781       730.960021972656
12         Sneha Verma                                        NULL                                               Consumer                                           7200    2024-10-24 Home & Kitchen                                     178.240005493164       98.0400009155273
36         Ishaan Das                                         South                                              Corporate                                          7201    2024-08-03 Beauty                                             54.1300010681152       37.060001373291
1          Ananya Das                                         East                                               Corporate                                          7202    2024-08-27 Beauty                                             13.1199998855591       14.0900001525879
49         Aditya Khan                                        East                                               Consumer                                           7203    2024-04-10 Electronics                                        885.210021972656       1475.97998046875
64         Arun Singh                                         West                                               Corporate                                          7204    2024-06-22 Clothing                                           77.370002746582        54.9799995422363
2          Aarav Sharma                                       South                                              Consumer                                           7205    2024-12-06 Clothing                                           13.9300003051758       42.1100006103516
70         Rohan Patel                                        West                                               Consumer                                           7206    2024-08-27 Home & Kitchen                                     23.9699993133545       39.7900009155273
15         Reyansh Verma                                      West                                               Consumer                                           7207    2024-11-23 Electronics                                        64.4700012207031       99.6800003051758
24         Vihaan Verma                                       South                                              Corporate                                          7208    2024-07-15 Books                                              56.1300010681152       50.9199981689453
17         Ishaan Das                                         North                                              Consumer                                           7209    2024-08-09 Electronics                                        545.809997558594       728.679992675781
30         Arjun Reddy                                        West                                               Home Office                                        7210    2024-06-20 Electronics                                        822.669982910156       458.420013427734
28         Pooja Patel                                        West                                               Corporate                                          7211    2024-06-24 Books                                              34.1399993896484       13.1999998092651
18         Krishna Khan                                       South                                              Corporate                                          7212    2024-01-11 Home & Kitchen                                     270.950012207031       283.589996337891
35         Reyansh Nair                                       South                                              Corporate                                          7213    2024-03-09 Electronics                                        887.039978027344       263.899993896484
21         Deepak Singh                                       North                                              Consumer                                           7214    2024-11-19 Electronics                                        982.440002441406       346.260009765625
5          Rahul Reddy                                        North                                              Consumer                                           7215    2024-06-25 Home & Kitchen                                     281.260009765625       149.649993896484
47         Divya Sharma                                       East                                               Corporate                                          7216    2024-11-17 Home & Kitchen                                     59.2099990844727       116.529998779297
12         Sneha Verma                                        NULL                                               Consumer                                           7217    2024-02-25 Beauty                                             43.5699996948242       32.9500007629395
57         Vivaan Patel                                       North                                              Home Office                                        7218    2024-02-09 Books                                              50.4500007629395       31.7900009155273
24         Vihaan Verma                                       South                                              Corporate                                          7219    2024-04-14 Sports                                             38.3800010681152       12.6899995803833
7          Deepak Khan                                        West                                               Consumer                                           7220    2024-10-12 Books                                              41.6100006103516       68.1600036621094
2          Aarav Sharma                                       South                                              Consumer                                           7221    2024-08-27 Books                                              44.2599983215332       54.6199989318848
3          Saanvi Reddy                                       South                                              Consumer                                           7222    2024-02-24 Electronics                                        178.660003662109       72.5699996948242
17         Ishaan Das                                         North                                              Consumer                                           7223    2024-07-28 Clothing                                           76.5299987792969       24.7000007629395
14         Reyansh Das                                        West                                               Consumer                                           7224    2024-06-27 Electronics                                        847.919982910156       950.75
68         Myra Patel                                         Central                                            Consumer                                           7225    2024-06-24 Books                                              16.7999992370605       6.90999984741211
63         Tara Das                                           East                                               Home Office                                        7226    2024-06-29 Clothing                                           36.9099998474121       36.5699996948242
45         Vivaan Gupta                                       West                                               Corporate                                          7227    2024-11-24 Electronics                                        283.700012207031       224.630004882813
46         Naveen Khan                                        South                                              Consumer                                           7228    2024-05-20 Electronics                                        1168.61999511719       3046
38         Isha Singh                                         Central                                            Corporate                                          7229    2024-04-14 Sports                                             72.9700012207031       43.1599998474121
58         Karthik Das                                        West                                               Consumer                                           7230    2024-02-21 Sports                                             49.8899993896484       -5.09999990463257
36         Ishaan Das                                         South                                              Corporate                                          7231    2024-08-27 Electronics                                        1022.96002197266       1281.28002929688
50         Deepak Khan                                        Central                                            Consumer                                           7232    2024-08-05 Books                                              33.6699981689453       52.060001373291
20         Karthik Reddy                                      north                                              Corporate                                          7233    2024-08-03 Sports                                             103.419998168945       250.279998779297
61         Aditya Sharma                                      west                                               Corporate                                          7234    2024-02-28 Books                                              27.6800003051758       51.310001373291
1          Ananya Das                                         East                                               Corporate                                          7235    2024-11-11 Home & Kitchen                                     361.859985351563       502.679992675781
23         Pooja Verma                                        NULL                                               Corporate                                          7236    2024-04-01 Sports                                             285.850006103516       63.25
7          Deepak Khan                                        West                                               Consumer                                           7237    2024-04-18 Beauty                                             14.9700002670288       15.6899995803833
25         Sai Iyer                                           North                                              Consumer                                           7238    2024-05-03 Books                                              19.9599990844727       12.8999996185303
57         Vivaan Patel                                       North                                              Home Office                                        7239    2024-06-04 Home & Kitchen                                     84.5299987792969       -42.5400009155273
18         Krishna Khan                                       South                                              Corporate                                          7240    2024-12-21 Home & Kitchen                                     194.789993286133       95.4599990844727
62         Sai Gupta                                          North                                              Home Office                                        7241    2024-06-21 Beauty                                             110.650001525879       113.389999389648
46         Naveen Khan                                        South                                              Consumer                                           7242    2024-12-29 Clothing                                           115.769996643066       156.610000610352
52         Myra Gupta                                         West                                               Consumer                                           7243    2024-01-23 Clothing                                           121.069999694824       54.9599990844727
2          Aarav Sharma                                       South                                              Consumer                                           7244    2024-01-02 Sports                                             108.860000610352       28.8999996185303
43         Kiara Sharma                                       South                                              Home Office                                        7245    2024-08-08 Home & Kitchen                                     308.420013427734       341.589996337891
63         Tara Das                                           East                                               Home Office                                        7246    2024-09-11 Home & Kitchen                                     147.479995727539       248.550003051758
37         Riya Reddy                                         Central                                            Consumer                                           7247    2024-01-15 Sports                                             117.040000915527       167.119995117188
4          Aditya Reddy                                       South                                              Consumer                                           7248    2024-07-03 Clothing                                           49.9599990844727       28.4300003051758
48         Aditya Patel                                       Central                                            Home Office                                        7249    2024-07-12 Beauty                                             104.430000305176       37.7299995422363
7          Deepak Khan                                        West                                               Consumer                                           7250    2024-12-11 Books                                              52.939998626709        67.9000015258789
29         Vihaan Gupta                                       South                                              Home Office                                        7251    2024-03-08 Electronics                                        282.130004882813       241.699996948242
54         Aarav Nair                                         West                                               Corporate                                          7252    2024-04-19 Books                                              46.4500007629395       87.5699996948242
48         Aditya Patel                                       Central                                            Home Office                                        7253    2024-10-30 Home & Kitchen                                     387.209991455078       404.630004882813
6          Vivaan Singh                                       South                                              Consumer                                           7254    2024-10-12 Beauty                                             67.25                  128.710006713867
15         Reyansh Verma                                      West                                               Consumer                                           7255    2024-08-01 Home & Kitchen                                     174.979995727539       397.329986572266
27         Rahul Singh                                        South                                              NULL                                               7256    2024-04-16 Sports                                             228.479995727539       -293.910003662109
27         Rahul Singh                                        South                                              NULL                                               7256    2024-04-16 Sports                                             228.479995727539       -293.910003662109
11         Riya Verma                                         South                                              Corporate                                          7257    2024-01-11 Home & Kitchen                                     60.8499984741211       96.5599975585938
16         Myra Sharma                                        East                                               Corporate                                          7258    2024-05-26 Electronics                                        866.309997558594       393.559997558594
32         Saanvi Nair                                        West                                               Consumer                                           7259    2024-04-26 Clothing                                           123.849998474121       108.160003662109
40         Kiara Gupta                                        North                                              Corporate                                          7260    2024-08-26 Clothing                                           98.120002746582        200.669998168945
25         Sai Iyer                                           North                                              Consumer                                           7261    2024-02-26 Home & Kitchen                                     26.3400001525879       70.2600021362305
22         Isha Das                                           NULL                                               Consumer                                           7262    2024-08-29 Sports                                             108.139999389648       186.520004272461
17         Ishaan Das                                         North                                              Consumer                                           7263    2024-02-20 Clothing                                           108.269996643066       -35.4300003051758
13         Rohan Iyer                                         West                                               Consumer                                           7264    2024-08-09 Beauty                                             48.6500015258789       9.21000003814697
12         Sneha Verma                                        NULL                                               Consumer                                           7265    2024-03-04 Books                                              24.0900001525879       19.0400009155273
56         Myra Singh                                         West                                               Consumer                                           7266    2024-06-27 Books                                              13.9099998474121       9.93000030517578
15         Reyansh Verma                                      West                                               Consumer                                           7267    2024-11-29 Books                                              20.4300003051758       28.3099994659424
6          Vivaan Singh                                       South                                              Consumer                                           7268    2024-12-08 Beauty                                             69.4899978637695       27.9300003051758
6          Vivaan Singh                                       South                                              Consumer                                           7269    2024-02-28 Beauty                                             52.8400001525879       119.889999389648
34         Naveen Sharma                                      South                                              Home Office                                        7270    2024-07-05 Home & Kitchen                                     216.229995727539       304.399993896484
10         Sai Patel                                          West                                               Consumer                                           7271    2024-05-02 Electronics                                        70.5899963378906       73.3300018310547
31         Sai Das                                            North                                              Corporate                                          7272    2024-10-03 Home & Kitchen                                     259.630004882813       183.789993286133
5          Rahul Reddy                                        North                                              Consumer                                           7273    2024-11-08 Home & Kitchen                                     248.960006713867       89.7200012207031
11         Riya Verma                                         South                                              Corporate                                          7274    2024-08-02 Electronics                                        855.039978027344       1132.91003417969
65         Pooja Iyer                                         North                                              Consumer                                           7275    2024-07-23 Beauty                                             42.25                  5.46999979019165
65         Pooja Iyer                                         North                                              Consumer                                           7276    2024-04-08 Home & Kitchen                                     55.7099990844727       123.419998168945
57         Vivaan Patel                                       North                                              Home Office                                        7277    2024-11-02 Clothing                                           17.9899997711182       2.72000002861023
35         Reyansh Nair                                       South                                              Corporate                                          7278    2024-09-19 Beauty                                             10.9399995803833       18.0900001525879
47         Divya Sharma                                       East                                               Corporate                                          7279    2024-10-14 Electronics                                        1025.16003417969       199.81166351172
32         Saanvi Nair                                        West                                               Consumer                                           7280    2024-02-08 Home & Kitchen                                     209.039993286133       94.7600021362305
40         Kiara Gupta                                        North                                              Corporate                                          7281    2024-12-05 Books                                              52.9799995422363       140.679992675781
44         Divya Gupta                                        West                                               Corporate                                          7282    2024-05-20 Electronics                                        782.460021972656       219
61         Aditya Sharma                                      west                                               Corporate                                          7283    2024-07-28 Beauty                                             52.7000007629395       26.3400001525879
59         Arun Verma                                         West                                               Consumer                                           7284    2024-10-31 Electronics                                        715.179992675781       853.400024414063
9          Karthik Patel                                      West                                               Consumer                                           7285    2024-07-18 Sports                                             237.880004882813       62.5
1          Ananya Das                                         East                                               Corporate                                          7286    2024-10-10 Electronics                                        189.970001220703       280.260009765625
34         Naveen Sharma                                      South                                              Home Office                                        7287    2024-08-22 Home & Kitchen                                     352.820007324219       376.600006103516
22         Isha Das                                           NULL                                               Consumer                                           7288    2024-11-28 Sports                                             150.729995727539       154.410003662109
67         Saanvi Iyer                                        Central                                            Home Office                                        7289    2024-03-03 Electronics                                        1078.93005371094       640.47998046875
67         Saanvi Iyer                                        Central                                            Home Office                                        7289    2024-03-03 Electronics                                        1078.93005371094       640.47998046875
19         Isha Nair                                          Central                                            Consumer                                           7290    2024-08-09 Home & Kitchen                                     228.520004272461       154.080001831055
48         Aditya Patel                                       Central                                            Home Office                                        7291    2024-09-29 Electronics                                        297.720001220703       -376.609985351563
57         Vivaan Patel                                       North                                              Home Office                                        7292    2024-08-12 Clothing                                           132.630004882813       104.410003662109
30         Arjun Reddy                                        West                                               Home Office                                        7293    2024-10-29 Beauty                                             61.1800003051758       23.0599994659424
44         Divya Gupta                                        West                                               Corporate                                          7294    2024-11-23 Sports                                             244.490005493164       82.620002746582
22         Isha Das                                           NULL                                               Consumer                                           7295    2024-10-07 Electronics                                        359.829986572266       151.770004272461
66         Myra Patel                                         South                                              Corporate                                          7296    2024-09-12 Sports                                             52.1399993896484       45.9799995422363
66         Myra Patel                                         South                                              Corporate                                          7296    2024-09-12 Sports                                             52.1399993896484       45.9799995422363
53         Aarav Iyer                                         South                                              Consumer                                           7297    2024-09-30 Sports                                             225.160003662109       53.7000007629395
6          Vivaan Singh                                       South                                              Consumer                                           7298    2024-09-08 Home & Kitchen                                     301.25                 484.140014648438
38         Isha Singh                                         Central                                            Corporate                                          7299    2024-02-16 Electronics                                        360.829986572266       483.350006103516
55         Pooja Gupta                                        NULL                                               NULL                                               7300    2024-06-28 Home & Kitchen                                     17.1599998474121       13.6499996185303
34         Naveen Sharma                                      South                                              Home Office                                        7301    2024-04-10 Electronics                                        679.440002441406       894.580017089844
51         Reyansh Sharma                                     central                                            Consumer                                           7302    2024-10-30 Electronics                                        84.9800033569336       36.6199989318848
34         Naveen Sharma                                      South                                              Home Office                                        7303    2024-10-16 Sports                                             116.01000213623        113.699996948242
41         Ananya Iyer                                        Central                                            Corporate                                          7304    2024-03-17 Electronics                                        530.849975585938       129.949996948242
37         Riya Reddy                                         Central                                            Consumer                                           7305    2024-03-27 Clothing                                           138.619995117188       35.8899993896484
18         Krishna Khan                                       South                                              Corporate                                          7306    2024-12-16 Sports                                             178.839996337891       74.7799987792969
36         Ishaan Das                                         South                                              Corporate                                          7307    2024-09-19 Electronics                                        938.260009765625       1466.81994628906
17         Ishaan Das                                         North                                              Consumer                                           7308    2024-08-05 Clothing                                           116.730003356934       289.630004882813
19         Isha Nair                                          Central                                            Consumer                                           7309    2024-12-29 Clothing                                           148.149993896484       47.5699996948242
17         Ishaan Das                                         North                                              Consumer                                           7310    2024-01-18 Clothing                                           85.7699966430664       232.520004272461
3          Saanvi Reddy                                       South                                              Consumer                                           7311    2024-11-25 Clothing                                           109.349998474121       225.850006103516
22         Isha Das                                           NULL                                               Consumer                                           7312    2024-11-20 Home & Kitchen                                     77.9400024414063       42.6699981689453
8          Isha Reddy                                         East                                               Consumer                                           7313    2024-11-28 Electronics                                        317.220001220703       153.839996337891
19         Isha Nair                                          Central                                            Consumer                                           7314    2024-12-11 Sports                                             57.7000007629395       68.5400009155273
37         Riya Reddy                                         Central                                            Consumer                                           7315    2024-03-16 Home & Kitchen                                     145.440002441406       31.6700000762939
68         Myra Patel                                         Central                                            Consumer                                           7316    2024-10-23 Beauty                                             95.7099990844727       95.7399978637695
19         Isha Nair                                          Central                                            Consumer                                           7317    2024-01-24 Books                                              58.8800010681152       77.7200012207031
62         Sai Gupta                                          North                                              Home Office                                        7318    2024-06-06 Beauty                                             68.7099990844727       76.9199981689453
10         Sai Patel                                          West                                               Consumer                                           7319    2024-11-06 Electronics                                        710.320007324219       438.040008544922
1          Ananya Das                                         East                                               Corporate                                          7320    2024-09-10 Electronics                                        104.559997558594       103.889999389648
18         Krishna Khan                                       South                                              Corporate                                          7321    2024-10-13 Electronics                                        919.059997558594       -2428.77001953125
64         Arun Singh                                         West                                               Corporate                                          7322    2024-09-17 Books                                              56.8800010681152       23.8299999237061
54         Aarav Nair                                         West                                               Corporate                                          7323    2024-09-07 Beauty                                             109.930000305176       168.940002441406
65         Pooja Iyer                                         North                                              Consumer                                           7324    2024-03-19 Electronics                                        75.120002746582        144.75
47         Divya Sharma                                       East                                               Corporate                                          7325    2024-04-24 Books                                              35.6399993896484       27.9500007629395
35         Reyansh Nair                                       South                                              Corporate                                          7326    2024-05-03 sports                                             243.300003051758       194.490005493164
2          Aarav Sharma                                       South                                              Consumer                                           7327    2024-01-24 Electronics                                        1099.08996582031       325.589996337891
29         Vihaan Gupta                                       South                                              Home Office                                        7328    2024-04-04 Sports                                             88.2399978637695       199.570007324219
16         Myra Sharma                                        East                                               Corporate                                          7329    2024-02-14 Clothing                                           21.3099994659424       44.1300010681152
52         Myra Gupta                                         West                                               Consumer                                           7330    2024-02-12 Sports                                             188.279998779297       71.4499969482422
67         Saanvi Iyer                                        Central                                            Home Office                                        7331    2024-07-29 Clothing                                           67.3199996948242       11.8100004196167
67         Saanvi Iyer                                        Central                                            Home Office                                        7331    2024-07-29 Clothing                                           67.3199996948242       11.8100004196167
62         Sai Gupta                                          North                                              Home Office                                        7332    2024-09-17 Home & Kitchen                                     242.449996948242       120.459999084473
4          Aditya Reddy                                       South                                              Consumer                                           7333    2024-08-29 Electronics                                        697.719970703125       1701.59997558594
32         Saanvi Nair                                        West                                               Consumer                                           7334    2024-03-15 Books                                              53.2900009155273       50.5999984741211
50         Deepak Khan                                        Central                                            Consumer                                           7335    2024-12-14 Electronics                                        972.919982910156       -221.949996948242
15         Reyansh Verma                                      West                                               Consumer                                           7336    2024-04-11 Home & Kitchen                                     175.899993896484       182.529998779297
44         Divya Gupta                                        West                                               Corporate                                          7337    2024-07-23 Beauty                                             56.7599983215332       70.1900024414063
44         Divya Gupta                                        West                                               Corporate                                          7338    2024-02-11 Clothing                                           93.2600021362305       109.419998168945
10         Sai Patel                                          West                                               Consumer                                           7339    2024-04-03 Clothing                                           20.3600006103516       -46.3300018310547
12         Sneha Verma                                        NULL                                               Consumer                                           7340    2024-02-16 beauty                                             102.669998168945       108.889999389648
18         Krishna Khan                                       South                                              Corporate                                          7341    2024-04-20 Books                                              43.7799987792969       98.4000015258789
52         Myra Gupta                                         West                                               Consumer                                           7342    2024-03-03 Sports                                             22.7199993133545       49.4700012207031
40         Kiara Gupta                                        North                                              Corporate                                          7343    2024-06-05 Clothing                                           148.949996948242       246.699996948242
43         Kiara Sharma                                       South                                              Home Office                                        7344    2024-07-05 Clothing                                           49.2400016784668       30.3299999237061
47         Divya Sharma                                       East                                               Corporate                                          7345    2024-10-15 Sports                                             90.1900024414063       177.380004882813
64         Arun Singh                                         West                                               Corporate                                          7346    2024-11-17 Clothing                                           92.1100006103516       89.9100036621094
21         Deepak Singh                                       North                                              Consumer                                           7347    2024-07-18 beauty                                             77.6900024414063       94.5
10         Sai Patel                                          West                                               Consumer                                           7348    2024-11-15 Electronics                                        1055.10998535156       2021.53002929688
5          Rahul Reddy                                        North                                              Consumer                                           7349    2024-06-30 Clothing                                           87.0899963378906       141.710006713867
3          Saanvi Reddy                                       South                                              Consumer                                           7350    2024-02-13 Beauty                                             49.0299987792969       26.3099994659424
36         Ishaan Das                                         South                                              Corporate                                          7351    2024-08-31 Home & Kitchen                                     102.889999389648       118.080001831055
37         Riya Reddy                                         Central                                            Consumer                                           7352    2024-11-04 Electronics                                        929.690002441406       474.769989013672
51         Reyansh Sharma                                     central                                            Consumer                                           7353    2024-07-12 Electronics                                        857.650024414063       665.330017089844
66         Myra Patel                                         South                                              Corporate                                          7354    2024-01-26 Electronics                                        59.0099983215332       57.9900016784668
66         Myra Patel                                         South                                              Corporate                                          7354    2024-01-26 Electronics                                        59.0099983215332       57.9900016784668
21         Deepak Singh                                       North                                              Consumer                                           7355    2024-12-11 Electronics                                        1033.2099609375        1445.25
5          Rahul Reddy                                        North                                              Consumer                                           7356    2024-06-06 Sports                                             218.587524237491       32.8199996948242
69         Rahul Gupta                                        north                                              NULL                                               7357    2024-04-17 Clothing                                           137.550003051758       126.660003662109
28         Pooja Patel                                        West                                               Corporate                                          7358    2024-03-31 Electronics                                        1190.19995117188       1663.09997558594
6          Vivaan Singh                                       South                                              Consumer                                           7359    2024-01-23 Clothing                                           63.0400009155273       80.4499969482422
51         Reyansh Sharma                                     central                                            Consumer                                           7360    2024-12-24 Books                                              15.25                  -30.1100006103516
16         Myra Sharma                                        East                                               Corporate                                          7361    2024-02-13 Electronics                                        351.470001220703       735.900024414063
56         Myra Singh                                         West                                               Consumer                                           7362    2024-01-21 home & kitchen                                     174.169998168945       48.7299995422363
2          Aarav Sharma                                       South                                              Consumer                                           7363    2024-09-29 Books                                              49.5800018310547       37.7599983215332
45         Vivaan Gupta                                       West                                               Corporate                                          7364    2024-12-31 Electronics                                        816.25                 988.340026855469
38         Isha Singh                                         Central                                            Corporate                                          7365    2024-06-12 Beauty                                             43.1399993896484       84.4300003051758
8          Isha Reddy                                         East                                               Consumer                                           7366    2024-07-13 Electronics                                        557.880004882813       816.630004882813
15         Reyansh Verma                                      West                                               Consumer                                           7367    2024-08-23 Books                                              19.0100002288818       14.0500001907349
9          Karthik Patel                                      West                                               Consumer                                           7368    2024-08-04 Electronics                                        797.909973144531       487.260009765625
31         Sai Das                                            North                                              Corporate                                          7369    2024-12-07 Beauty                                             15.1099996566772       3.32999992370605
70         Rohan Patel                                        West                                               Consumer                                           7370    2024-06-11 Books                                              47.5900001525879       -87.7600021362305
45         Vivaan Gupta                                       West                                               Corporate                                          7371    2024-06-24 Books                                              44.5699996948242       39.5499992370605
66         Myra Patel                                         South                                              Corporate                                          7372    2024-09-12 Home & Kitchen                                     105.930000305176       44.3800010681152
66         Myra Patel                                         South                                              Corporate                                          7372    2024-09-12 Home & Kitchen                                     105.930000305176       44.3800010681152
49         Aditya Khan                                        East                                               Consumer                                           7373    2024-11-14 Clothing                                           109.220001220703       275.109985351563
6          Vivaan Singh                                       South                                              Consumer                                           7374    2024-02-26 Home & Kitchen                                     52.1500015258789       35.2200012207031
47         Divya Sharma                                       East                                               Corporate                                          7375    2024-11-14 Beauty                                             74.3899993896484       65.2099990844727
39         Kiara Verma                                        Central                                            Consumer                                           7376    2024-07-30 Sports                                             41.9000015258789       90.0299987792969
3          Saanvi Reddy                                       South                                              Consumer                                           7377    2024-08-12 Home & Kitchen                                     164.910003662109       198.520004272461
4          Aditya Reddy                                       South                                              Consumer                                           7378    2024-04-26 Electronics                                        218.587524237491       820.25
1          Ananya Das                                         East                                               Corporate                                          7379    2024-11-17 Beauty                                             14.9700002670288       24.9099998474121
20         Karthik Reddy                                      north                                              Corporate                                          7380    2024-08-06 Books                                              49.6800003051758       57.8600006103516
27         Rahul Singh                                        South                                              NULL                                               7381    2024-01-29 electronics                                        791.239990234375       1533.77001953125
27         Rahul Singh                                        South                                              NULL                                               7381    2024-01-29 electronics                                        791.239990234375       1533.77001953125
16         Myra Sharma                                        East                                               Corporate                                          7382    2024-02-18 Clothing                                           47.7599983215332       23.5699996948242
67         Saanvi Iyer                                        Central                                            Home Office                                        7383    2024-02-05 Beauty                                             44.189998626709        29.8099994659424
67         Saanvi Iyer                                        Central                                            Home Office                                        7383    2024-02-05 Beauty                                             44.189998626709        29.8099994659424
13         Rohan Iyer                                         West                                               Consumer                                           7384    2024-07-20 Home & Kitchen                                     33.2599983215332       51.7799987792969
62         Sai Gupta                                          North                                              Home Office                                        7385    2024-11-12 Clothing                                           110.330001831055       66.629997253418
50         Deepak Khan                                        Central                                            Consumer                                           7386    2024-07-13 Clothing                                           94.9199981689453       68.8300018310547
57         Vivaan Patel                                       North                                              Home Office                                        7387    2024-11-14 Sports                                             203.539993286133       196.309997558594
29         Vihaan Gupta                                       South                                              Home Office                                        7388    2024-05-28 Beauty                                             55.8300018310547       111.75
11         Riya Verma                                         South                                              Corporate                                          7389    2024-07-28 Electronics                                        570.159973144531       479.200012207031
50         Deepak Khan                                        Central                                            Consumer                                           7390    2024-01-17 Clothing                                           72.1699981689453       37.8600006103516
54         Aarav Nair                                         West                                               Corporate                                          7391    2024-05-05 Beauty                                             51.0099983215332       100.680000305176
66         Myra Patel                                         South                                              Corporate                                          7392    2024-06-06 Sports                                             37.0200004577637       18.5900001525879
66         Myra Patel                                         South                                              Corporate                                          7392    2024-06-06 Sports                                             37.0200004577637       18.5900001525879
46         Naveen Khan                                        South                                              Consumer                                           7393    2024-07-25 Clothing                                           19.1399993896484       17.9400005340576
19         Isha Nair                                          Central                                            Consumer                                           7394    2024-11-16 Clothing                                           104.599998474121       79.6100006103516
2          Aarav Sharma                                       South                                              Consumer                                           7395    2024-04-18 Electronics                                        749.039978027344       303.470001220703
14         Reyansh Das                                        West                                               Consumer                                           7396    2024-03-15 Home & Kitchen                                     297.940002441406       262.609985351563
37         Riya Reddy                                         Central                                            Consumer                                           7397    2024-07-17 Home & Kitchen                                     393.019989013672       894.869995117188
32         Saanvi Nair                                        West                                               Consumer                                           7398    2024-02-20 Sports                                             140.470001220703       181.610000610352
61         Aditya Sharma                                      west                                               Corporate                                          7399    2024-07-22 Beauty                                             19.0300006866455       39.8199996948242
33         Naveen Das                                         West                                               Consumer                                           7400    2024-06-15 Home & Kitchen                                     354.290008544922       712.630004882813
63         Tara Das                                           East                                               Home Office                                        7401    2024-10-06 Electronics                                        120.830001831055       93.5199966430664
4          Aditya Reddy                                       South                                              Consumer                                           7402    2024-12-12 Home & Kitchen                                     220.839996337891       219.139999389648
21         Deepak Singh                                       North                                              Consumer                                           7403    2024-06-23 Sports                                             29.0100002288818       87.0299987792969
63         Tara Das                                           East                                               Home Office                                        7404    2024-07-09 Sports                                             28.5799999237061       30.3400001525879
13         Rohan Iyer                                         West                                               Consumer                                           7405    2024-03-02 Beauty                                             39.0800018310547       27.8400001525879
58         Karthik Das                                        West                                               Consumer                                           7406    2024-02-23 beauty                                             108.900001525879       151.119995117188
70         Rohan Patel                                        West                                               Consumer                                           7407    2024-09-18 Books                                              48.9199981689453       -55.8899993896484
18         Krishna Khan                                       South                                              Corporate                                          7408    2024-07-17 Books                                              36.4300003051758       74.1399993896484
37         Riya Reddy                                         Central                                            Consumer                                           7409    2024-04-18 Books                                              31.7299995422363       30.7700004577637
38         Isha Singh                                         Central                                            Corporate                                          7410    2024-06-09 Books                                              33.0299987792969       52.5800018310547
58         Karthik Das                                        West                                               Consumer                                           7411    2024-09-07 Home & Kitchen                                     101.410003662109       13.8800001144409
34         Naveen Sharma                                      South                                              Home Office                                        7412    2024-07-01 Clothing                                           116.220001220703       268.709991455078
48         Aditya Patel                                       Central                                            Home Office                                        7413    2024-04-19 Clothing                                           76.9499969482422       56.9900016784668
57         Vivaan Patel                                       North                                              Home Office                                        7414    2024-10-29 Home & Kitchen                                     102.269996643066       147.070007324219
26         Pooja Khan                                         East                                               Consumer                                           7415    2024-04-17 Beauty                                             28.0499992370605       59.9300003051758
11         Riya Verma                                         South                                              Corporate                                          7416    2024-08-16 Electronics                                        976.049987792969       1838.28002929688
12         Sneha Verma                                        NULL                                               Consumer                                           7417    2024-05-19 Clothing                                           100.360000610352       198.199996948242
58         Karthik Das                                        West                                               Consumer                                           7418    2024-12-09 Electronics                                        415.549987792969       325.700012207031
26         Pooja Khan                                         East                                               Consumer                                           7419    2024-11-26 Beauty                                             85.1900024414063       24.5799999237061
67         Saanvi Iyer                                        Central                                            Home Office                                        7420    2024-05-04 Beauty                                             119.209999084473       62.5299987792969
67         Saanvi Iyer                                        Central                                            Home Office                                        7420    2024-05-04 Beauty                                             119.209999084473       62.5299987792969
52         Myra Gupta                                         West                                               Consumer                                           7421    2024-05-16 Books                                              36.2799987792969       53.2700004577637
14         Reyansh Das                                        West                                               Consumer                                           7422    2024-07-10 Books                                              22.9799995422363       45.7900009155273
40         Kiara Gupta                                        North                                              Corporate                                          7423    2024-10-03 Home & Kitchen                                     263.529998779297       318.429992675781
21         Deepak Singh                                       North                                              Consumer                                           7424    2024-02-23 Electronics                                        157.210006713867       199.81166351172
18         Krishna Khan                                       South                                              Corporate                                          7425    2024-11-12 Home & Kitchen                                     31.5799999237061       73.6999969482422
26         Pooja Khan                                         East                                               Consumer                                           7426    2024-10-31 Clothing                                           26.2399997711182       21.75
28         Pooja Patel                                        West                                               Corporate                                          7427    2024-11-19 Home & Kitchen                                     95.620002746582        251.630004882813
37         Riya Reddy                                         Central                                            Consumer                                           7428    2024-10-03 Beauty                                             45.9099998474121       89.9000015258789
68         Myra Patel                                         Central                                            Consumer                                           7429    2024-02-26 Books                                              18.9799995422363       18.3899993896484
41         Ananya Iyer                                        Central                                            Corporate                                          7430    2024-04-23 Sports                                             96.9800033569336       133.580001831055
33         Naveen Das                                         West                                               Consumer                                           7431    2024-12-30 Sports                                             45.5900001525879       72.9100036621094
21         Deepak Singh                                       North                                              Consumer                                           7432    2024-04-04 Sports                                             282.420013427734       507.450012207031
25         Sai Iyer                                           North                                              Consumer                                           7433    2024-07-28 Clothing                                           81.129997253418        66.3199996948242
5          Rahul Reddy                                        North                                              Consumer                                           7434    2024-10-27 Home & Kitchen                                     198.830001831055       117.930000305176
36         Ishaan Das                                         South                                              Corporate                                          7435    2024-10-27 Electronics                                        218.587524237491       1433.91003417969
36         Ishaan Das                                         South                                              Corporate                                          7436    2024-04-16 Beauty                                             76.9700012207031       198.949996948242
34         Naveen Sharma                                      South                                              Home Office                                        7437    2024-07-08 Books                                              35.3600006103516       29.3799991607666
56         Myra Singh                                         West                                               Consumer                                           7438    2024-12-20 Electronics                                        1137.59997558594       811.159973144531
22         Isha Das                                           NULL                                               Consumer                                           7439    2024-07-03 Clothing                                           142.960006713867       156.570007324219
11         Riya Verma                                         South                                              Corporate                                          7440    2024-10-08 Beauty                                             30.5599994659424       -30.1599998474121
29         Vihaan Gupta                                       South                                              Home Office                                        7441    2024-09-05 Books                                              14.3800001144409       15.1099996566772
35         Reyansh Nair                                       South                                              Corporate                                          7442    2024-04-04 Clothing                                           28.6900005340576       11.6199998855591
41         Ananya Iyer                                        Central                                            Corporate                                          7443    2024-05-09 Sports                                             46.4099998474121       33.1199989318848
2          Aarav Sharma                                       South                                              Consumer                                           7444    2024-07-22 Beauty                                             20.8799991607666       41.6300010681152
2          Aarav Sharma                                       South                                              Consumer                                           7445    2024-09-01 Electronics                                        323.769989013672       257.410003662109
35         Reyansh Nair                                       South                                              Corporate                                          7446    2024-10-10 Home & Kitchen                                     187.119995117188       259.660003662109
64         Arun Singh                                         West                                               Corporate                                          7447    2024-03-01 Books                                              18.4099998474121       23.9899997711182
6          Vivaan Singh                                       South                                              Consumer                                           7448    2024-09-25 Beauty                                             41.5699996948242       45.7999992370605
10         Sai Patel                                          West                                               Consumer                                           7449    2024-03-12 Clothing                                           55.9500007629395       54.0200004577637
39         Kiara Verma                                        Central                                            Consumer                                           7450    2024-08-14 Electronics                                        457.410003662109       463.75
27         Rahul Singh                                        South                                              NULL                                               7451    2024-02-22 Clothing                                           56                     102.169998168945
27         Rahul Singh                                        South                                              NULL                                               7451    2024-02-22 Clothing                                           56                     102.169998168945
31         Sai Das                                            North                                              Corporate                                          7452    2024-02-13 Sports                                             96.5400009155273       115.639999389648
51         Reyansh Sharma                                     central                                            Consumer                                           7453    2024-11-26 Electronics                                        415.119995117188       65.8600006103516
35         Reyansh Nair                                       South                                              Corporate                                          7454    2024-09-17 Books                                              44.4599990844727       15.6300001144409
8          Isha Reddy                                         East                                               Consumer                                           7455    2024-12-17 Electronics                                        508.059997558594       522.440002441406
14         Reyansh Das                                        West                                               Consumer                                           7456    2024-01-13 Electronics                                        603.650024414063       557.049987792969
37         Riya Reddy                                         Central                                            Consumer                                           7457    2024-07-17 Sports                                             272.260009765625       -803.099975585938
41         Ananya Iyer                                        Central                                            Corporate                                          7458    2024-04-17 Books                                              33.7400016784668       31.3299999237061
36         Ishaan Das                                         South                                              Corporate                                          7459    2024-06-02 Sports                                             73.9499969482422       89.9400024414063
57         Vivaan Patel                                       North                                              Home Office                                        7460    2024-09-06 Clothing                                           17.3899993896484       13.5100002288818
31         Sai Das                                            North                                              Corporate                                          7461    2024-01-18 Home & Kitchen                                     280.619995117188       188.009994506836
67         Saanvi Iyer                                        Central                                            Home Office                                        7462    2024-03-27 Sports                                             178.490005493164       77.3099975585938
67         Saanvi Iyer                                        Central                                            Home Office                                        7462    2024-03-27 Sports                                             178.490005493164       77.3099975585938
4          Aditya Reddy                                       South                                              Consumer                                           7463    2024-01-20 Sports                                             267.820007324219       -507.079986572266
70         Rohan Patel                                        West                                               Consumer                                           7464    2024-05-18 Clothing                                           41.810001373291        94.870002746582
37         Riya Reddy                                         Central                                            Consumer                                           7465    2024-09-06 Electronics                                        792.369995117188       240.679992675781
31         Sai Das                                            North                                              Corporate                                          7466    2024-04-14 Clothing                                           100.730003356934       38.5299987792969
55         Pooja Gupta                                        NULL                                               NULL                                               7467    2024-10-25 Sports                                             289.410003662109       378.809997558594
11         Riya Verma                                         South                                              Corporate                                          7468    2024-11-04 Beauty                                             57.4900016784668       74.2300033569336
61         Aditya Sharma                                      west                                               Corporate                                          7469    2024-10-21 Books                                              15.1999998092651       19.4799995422363
58         Karthik Das                                        West                                               Consumer                                           7470    2024-04-15 Beauty                                             59.2999992370605       40
67         Saanvi Iyer                                        Central                                            Home Office                                        7471    2024-11-10 Books                                              58.8400001525879       51.2099990844727
67         Saanvi Iyer                                        Central                                            Home Office                                        7471    2024-11-10 Books                                              58.8400001525879       51.2099990844727
11         Riya Verma                                         South                                              Corporate                                          7472    2024-05-20 Home & Kitchen                                     181.75                 161.320007324219
1          Ananya Das                                         East                                               Corporate                                          7473    2024-04-11 Sports                                             261.359985351563       182.679992675781
26         Pooja Khan                                         East                                               Consumer                                           7474    2024-01-10 Books                                              52.3899993896484       53.5400009155273
52         Myra Gupta                                         West                                               Consumer                                           7475    2024-09-19 Books                                              17.9599990844727       17.6399993896484
15         Reyansh Verma                                      West                                               Consumer                                           7476    2024-07-05 Clothing                                           141.720001220703       78.9800033569336
32         Saanvi Nair                                        West                                               Consumer                                           7477    2024-08-07 Books                                              9.22000026702881       5.38000011444092
32         Saanvi Nair                                        West                                               Consumer                                           7478    2024-08-19 Clothing                                           75.4700012207031       56.2099990844727
62         Sai Gupta                                          North                                              Home Office                                        7479    2024-05-04 Beauty                                             42.2999992370605       62.6100006103516
29         Vihaan Gupta                                       South                                              Home Office                                        7480    2024-10-11 Electronics                                        235.080001831055       83.0400009155273
46         Naveen Khan                                        South                                              Consumer                                           7481    2024-09-18 Clothing                                           146.5                  115.709999084473
34         Naveen Sharma                                      South                                              Home Office                                        7482    2024-10-29 Books                                              47.4799995422363       33.1300010681152
30         Arjun Reddy                                        West                                               Home Office                                        7483    2024-03-13 Electronics                                        191.119995117188       46.6199989318848
66         Myra Patel                                         South                                              Corporate                                          7484    2024-03-21 Electronics                                        801.5                  1038.41003417969
66         Myra Patel                                         South                                              Corporate                                          7484    2024-03-21 Electronics                                        801.5                  1038.41003417969
60         Priya Singh                                        Central                                            Corporate                                          7485    2024-06-06 Home & Kitchen                                     212.570007324219       184.309997558594
31         Sai Das                                            North                                              Corporate                                          7486    2024-10-01 Home & Kitchen                                     131.990005493164       200.270004272461
8          Isha Reddy                                         East                                               Consumer                                           7487    2024-04-07 Clothing                                           109.870002746582       316.010009765625
48         Aditya Patel                                       Central                                            Home Office                                        7488    2024-03-23 Electronics                                        1158.89001464844       842.159973144531
11         Riya Verma                                         South                                              Corporate                                          7489    2024-10-30 Clothing                                           36.5200004577637       6.78999996185303
32         Saanvi Nair                                        West                                               Consumer                                           7490    2024-12-30 Sports                                             63.7099990844727       -286.489990234375
1          Ananya Das                                         East                                               Corporate                                          7491    2024-12-06 Books                                              44.7299995422363       19.3400001525879
47         Divya Sharma                                       East                                               Corporate                                          7492    2024-03-15 Electronics                                        1140.83996582031       1444.76000976563
44         Divya Gupta                                        West                                               Corporate                                          7493    2024-05-25 Books                                              36.4500007629395       52.4500007629395
63         Tara Das                                           East                                               Home Office                                        7494    2024-01-05 Clothing                                           145.729995727539       62.310001373291
26         Pooja Khan                                         East                                               Consumer                                           7495    2024-10-19 Clothing                                           88.8099975585938       -22.3999996185303
18         Krishna Khan                                       South                                              Corporate                                          7496    2024-10-12 Sports                                             133.199996948242       51.4199981689453
4          Aditya Reddy                                       South                                              Consumer                                           7497    2024-04-19 home & kitchen                                     176.720001220703       291.799987792969
4          Aditya Reddy                                       South                                              Consumer                                           7498    2024-08-06 Beauty                                             95.7200012207031       221.059997558594
56         Myra Singh                                         West                                               Consumer                                           7499    2024-04-22 Sports                                             11.5500001907349       27.0599994659424
63         Tara Das                                           East                                               Home Office                                        7500    2024-09-01 Books                                              37.7999992370605       64.8199996948242
40         Kiara Gupta                                        North                                              Corporate                                          7130    2024-12-25 Electronics                                        123.690002441406       105.23999786377
40         Kiara Gupta                                        North                                              Corporate                                          7281    2024-12-05 Books                                              52.9799995422363       140.679992675781
29         Vihaan Gupta                                       South                                              Home Office                                        7441    2024-09-05 Books                                              14.3800001144409       15.1099996566772
62         Sai Gupta                                          North                                              Home Office                                        7385    2024-11-12 Clothing                                           110.330001831055       66.629997253418
63         Tara Das                                           East                                               Home Office                                        7226    2024-06-29 Clothing                                           36.9099998474121       36.5699996948242

(532 rows affected)

Category                                           TotalSales             TotalProfit
-------------------------------------------------- ---------------------- ----------------------
Beauty                                             3995.60999011993       4500.05995941162
Books                                              2596.11998796463       2434.75998103619
Clothing                                           9269.3000125885        8710.62997746468
Electronics                                        68427.1647297189       62222.7267756594
Home & Kitchen                                     18319.0475385808       18874.2699899673
Sports                                             8653.80757791028       4961.69004392624

(6 rows affected)

Category                                           TotalSales
-------------------------------------------------- ----------------------
Electronics                                        68427.1647297189

(1 row affected)

OrderID Sales                  OrderCategory
------- ---------------------- -------------
7001    702.140014648438       High Value
7002    1105.81005859375       High Value
7003    45.3600006103516       Low Value
7004    865.789978027344       High Value
7005    118.440002441406       Low Value
7006    273.040008544922       Medium Value
7007    112.889999389648       Low Value
7008    754.010009765625       High Value
7009    110.73999786377        Low Value
7010    241.880004882813       Medium Value
7011    27.5400009155273       Low Value
7012    374.140014648438       Medium Value
7013    55.1699981689453       Low Value
7014    75.8399963378906       Low Value
7015    85.5500030517578       Low Value
7016    121.680000305176       Low Value
7017    636.929992675781       High Value
7018    122.480003356934       Low Value
7019    33.6399993896484       Low Value
7020    49.8400001525879       Low Value
7021    28.7900009155273       Low Value
7022    91.9800033569336       Low Value
7023    45.0900001525879       Low Value
7024    314.829986572266       Medium Value
7025    142.580001831055       Low Value
7026    82.0800018310547       Low Value
7027    23.6299991607666       Low Value
7028    68.7799987792969       Low Value
7029    59.7099990844727       Low Value
7030    162.910003662109       Low Value
7031    69.5899963378906       Low Value
7032    288.109985351563       Medium Value
7033    92.5199966430664       Low Value
7034    30.3799991607666       Low Value
7035    88.0500030517578       Low Value
7036    194.740005493164       Low Value
7037    9.11999988555908       Low Value
7038    255.779998779297       Medium Value
7039    240.199996948242       Medium Value
7040    1134.43994140625       High Value
7041    683.599975585938       High Value
7042    145.990005493164       Low Value
7043    55.8499984741211       Low Value
7044    9.85999965667725       Low Value
7045    91.7699966430664       Low Value
7046    52.7799987792969       Low Value
7047    82.7699966430664       Low Value
7048    41.6300010681152       Low Value
7049    101.059997558594       Low Value
7050    113.970001220703       Low Value
7051    182.740005493164       Low Value
7052    64.2099990844727       Low Value
7053    59.1199989318848       Low Value
7054    12.3199996948242       Low Value
7055    72.370002746582        Low Value
7056    40.8300018310547       Low Value
7057    853.179992675781       High Value
7058    113.900001525879       Low Value
7059    65.6600036621094       Low Value
7060    78.2600021362305       Low Value
7061    1018.75                High Value
7062    366.079986572266       Medium Value
7063    149.240005493164       Low Value
7064    147.479995727539       Low Value
7065    370.179992675781       Medium Value
7066    159.320007324219       Low Value
7067    213.25                 Medium Value
7068    336.190002441406       Medium Value
7069    64.7600021362305       Low Value
7070    540.669982910156       High Value
7071    237.699996948242       Medium Value
7072    111.809997558594       Low Value
7073    397.690002441406       Medium Value
7074    65.5899963378906       Low Value
7075    254.960006713867       Medium Value
7076    125.709999084473       Low Value
7077    38.810001373291        Low Value
7078    125.480003356934       Low Value
7079    34.9900016784668       Low Value
7080    235.300003051758       Medium Value
7081    1119.23999023438       High Value
7082    295.890014648438       Medium Value
7083    399.410003662109       Medium Value
7084    271.25                 Medium Value
7085    73.4300003051758       Low Value
7086    348.160003662109       Medium Value
7087    57.0299987792969       Low Value
7088    379.809997558594       Medium Value
7089    67.5800018310547       Low Value
7090    7.65000009536743       Low Value
7091    139.529998779297       Low Value
7092    27.9099998474121       Low Value
7093    129.139999389648       Low Value
7094    306.059997558594       Medium Value
7095    47.189998626709        Low Value
7096    721.469970703125       High Value
7097    191.559997558594       Low Value
7098    390.290008544922       Medium Value
7099    7.42000007629395       Low Value
7100    331.720001220703       Medium Value
7101    839.429992675781       High Value
7102    16.6000003814697       Low Value
7103    81.370002746582        Low Value
7104    26.4500007629395       Low Value
7105    457.829986572266       Medium Value
7106    20.9899997711182       Low Value
7107    111.730003356934       Low Value
7108    93.5800018310547       Low Value
7109    370.769989013672       Medium Value
7110    77.1600036621094       Low Value
7111    40.8499984741211       Low Value
7112    110.370002746582       Low Value
7113    125.660003662109       Low Value
7114    533.969970703125       High Value
7115    35.689998626709        Low Value
7116    93.3399963378906       Low Value
7117    75.2399978637695       Low Value
7118    314.130004882813       Medium Value
7119    7.38000011444092       Low Value
7120    52.2400016784668       Low Value
7121    112.580001831055       Low Value
7122    128.630004882813       Low Value
7123    100.150001525879       Low Value
7124    280.320007324219       Medium Value
7125    40.2299995422363       Low Value
7126    12.8599996566772       Low Value
7127    416.359985351563       Medium Value
7128    218.587524237491       Medium Value
7129    42.3800010681152       Low Value
7130    123.690002441406       Low Value
7131    200.940002441406       Medium Value
7132    841.869995117188       High Value
7133    15.8900003433228       Low Value
7134    1030.28002929688       High Value
7135    110.919998168945       Low Value
7136    20.0200004577637       Low Value
7137    40.5200004577637       Low Value
7138    95.5599975585938       Low Value
7139    21.6900005340576       Low Value
7140    108.839996337891       Low Value
7141    46.1500015258789       Low Value
7142    278.779998779297       Medium Value
7143    394.779998779297       Medium Value
7144    117.910003662109       Low Value
7145    372.959991455078       Medium Value
7146    226.419998168945       Medium Value
7147    487.029998779297       Medium Value
7148    492.119995117188       Medium Value
7149    74.4599990844727       Low Value
7150    296.440002441406       Medium Value
7151    167.300003051758       Low Value
7152    62.8899993896484       Low Value
7153    147.020004272461       Low Value
7154    749.830017089844       High Value
7155    58.3699989318848       Low Value
7156    121.080001831055       Low Value
7157    112.069999694824       Low Value
7158    57.7599983215332       Low Value
7159    189.160003662109       Low Value
7160    88.1900024414063       Low Value
7161    897.440002441406       High Value
7162    17.3400001525879       Low Value
7163    86.9300003051758       Low Value
7164    75.7900009155273       Low Value
7165    101.389999389648       Low Value
7166    846.280029296875       High Value
7167    17.3799991607666       Low Value
7168    720.900024414063       High Value
7169    18.1299991607666       Low Value
7170    53.4799995422363       Low Value
7171    286.119995117188       Medium Value
7172    1041.07995605469       High Value
7173    1196.17004394531       High Value
7174    48.7099990844727       Low Value
7175    57.5499992370605       Low Value
7176    188.669998168945       Low Value
7177    7.28999996185303       Low Value
7178    255.660003662109       Medium Value
7179    148.149993896484       Low Value
7180    45.810001373291        Low Value
7181    57.0699996948242       Low Value
7182    20.4899997711182       Low Value
7183    145.850006103516       Low Value
7184    1055.40002441406       High Value
7185    56.9300003051758       Low Value
7186    908.539978027344       High Value
7187    124.23999786377        Low Value
7188    99.9199981689453       Low Value
7189    67.8600006103516       Low Value
7190    347.670013427734       Medium Value
7191    163.649993896484       Low Value
7192    48.5                   Low Value
7193    313.209991455078       Medium Value
7194    14.4899997711182       Low Value
7195    117.389999389648       Low Value
7196    378.720001220703       Medium Value
7197    543.409973144531       High Value
7198    373.179992675781       Medium Value
7199    357.179992675781       Medium Value
7200    178.240005493164       Low Value
7201    54.1300010681152       Low Value
7202    13.1199998855591       Low Value
7203    885.210021972656       High Value
7204    77.370002746582        Low Value
7205    13.9300003051758       Low Value
7206    23.9699993133545       Low Value
7207    64.4700012207031       Low Value
7208    56.1300010681152       Low Value
7209    545.809997558594       High Value
7210    822.669982910156       High Value
7211    34.1399993896484       Low Value
7212    270.950012207031       Medium Value
7213    887.039978027344       High Value
7214    982.440002441406       High Value
7215    281.260009765625       Medium Value
7216    59.2099990844727       Low Value
7217    43.5699996948242       Low Value
7218    50.4500007629395       Low Value
7219    38.3800010681152       Low Value
7220    41.6100006103516       Low Value
7221    44.2599983215332       Low Value
7222    178.660003662109       Low Value
7223    76.5299987792969       Low Value
7224    847.919982910156       High Value
7225    16.7999992370605       Low Value
7226    36.9099998474121       Low Value
7227    283.700012207031       Medium Value
7228    1168.61999511719       High Value
7229    72.9700012207031       Low Value
7230    49.8899993896484       Low Value
7231    1022.96002197266       High Value
7232    33.6699981689453       Low Value
7233    103.419998168945       Low Value
7234    27.6800003051758       Low Value
7235    361.859985351563       Medium Value
7236    285.850006103516       Medium Value
7237    14.9700002670288       Low Value
7238    19.9599990844727       Low Value
7239    84.5299987792969       Low Value
7240    194.789993286133       Low Value
7241    110.650001525879       Low Value
7242    115.769996643066       Low Value
7243    121.069999694824       Low Value
7244    108.860000610352       Low Value
7245    308.420013427734       Medium Value
7246    147.479995727539       Low Value
7247    117.040000915527       Low Value
7248    49.9599990844727       Low Value
7249    104.430000305176       Low Value
7250    52.939998626709        Low Value
7251    282.130004882813       Medium Value
7252    46.4500007629395       Low Value
7253    387.209991455078       Medium Value
7254    67.25                  Low Value
7255    174.979995727539       Low Value
7256    228.479995727539       Medium Value
7257    60.8499984741211       Low Value
7258    866.309997558594       High Value
7259    123.849998474121       Low Value
7260    98.120002746582        Low Value
7261    26.3400001525879       Low Value
7262    108.139999389648       Low Value
7263    108.269996643066       Low Value
7264    48.6500015258789       Low Value
7265    24.0900001525879       Low Value
7266    13.9099998474121       Low Value
7267    20.4300003051758       Low Value
7268    69.4899978637695       Low Value
7269    52.8400001525879       Low Value
7270    216.229995727539       Medium Value
7271    70.5899963378906       Low Value
7272    259.630004882813       Medium Value
7273    248.960006713867       Medium Value
7274    855.039978027344       High Value
7275    42.25                  Low Value
7276    55.7099990844727       Low Value
7277    17.9899997711182       Low Value
7278    10.9399995803833       Low Value
7279    1025.16003417969       High Value
7280    209.039993286133       Medium Value
7281    52.9799995422363       Low Value
7282    782.460021972656       High Value
7283    52.7000007629395       Low Value
7284    715.179992675781       High Value
7285    237.880004882813       Medium Value
7286    189.970001220703       Low Value
7287    352.820007324219       Medium Value
7288    150.729995727539       Low Value
7289    1078.93005371094       High Value
7290    228.520004272461       Medium Value
7291    297.720001220703       Medium Value
7292    132.630004882813       Low Value
7293    61.1800003051758       Low Value
7294    244.490005493164       Medium Value
7295    359.829986572266       Medium Value
7296    52.1399993896484       Low Value
7297    225.160003662109       Medium Value
7298    301.25                 Medium Value
7299    360.829986572266       Medium Value
7300    17.1599998474121       Low Value
7301    679.440002441406       High Value
7302    84.9800033569336       Low Value
7303    116.01000213623        Low Value
7304    530.849975585938       High Value
7305    138.619995117188       Low Value
7306    178.839996337891       Low Value
7307    938.260009765625       High Value
7308    116.730003356934       Low Value
7309    148.149993896484       Low Value
7310    85.7699966430664       Low Value
7311    109.349998474121       Low Value
7312    77.9400024414063       Low Value
7313    317.220001220703       Medium Value
7314    57.7000007629395       Low Value
7315    145.440002441406       Low Value
7316    95.7099990844727       Low Value
7317    58.8800010681152       Low Value
7318    68.7099990844727       Low Value
7319    710.320007324219       High Value
7320    104.559997558594       Low Value
7321    919.059997558594       High Value
7322    56.8800010681152       Low Value
7323    109.930000305176       Low Value
7324    75.120002746582        Low Value
7325    35.6399993896484       Low Value
7326    243.300003051758       Medium Value
7327    1099.08996582031       High Value
7328    88.2399978637695       Low Value
7329    21.3099994659424       Low Value
7330    188.279998779297       Low Value
7331    67.3199996948242       Low Value
7332    242.449996948242       Medium Value
7333    697.719970703125       High Value
7334    53.2900009155273       Low Value
7335    972.919982910156       High Value
7336    175.899993896484       Low Value
7337    56.7599983215332       Low Value
7338    93.2600021362305       Low Value
7339    20.3600006103516       Low Value
7340    102.669998168945       Low Value
7341    43.7799987792969       Low Value
7342    22.7199993133545       Low Value
7343    148.949996948242       Low Value
7344    49.2400016784668       Low Value
7345    90.1900024414063       Low Value
7346    92.1100006103516       Low Value
7347    77.6900024414063       Low Value
7348    1055.10998535156       High Value
7349    87.0899963378906       Low Value
7350    49.0299987792969       Low Value
7351    102.889999389648       Low Value
7352    929.690002441406       High Value
7353    857.650024414063       High Value
7354    59.0099983215332       Low Value
7355    1033.2099609375        High Value
7356    218.587524237491       Medium Value
7357    137.550003051758       Low Value
7358    1190.19995117188       High Value
7359    63.0400009155273       Low Value
7360    15.25                  Low Value
7361    351.470001220703       Medium Value
7362    174.169998168945       Low Value
7363    49.5800018310547       Low Value
7364    816.25                 High Value
7365    43.1399993896484       Low Value
7366    557.880004882813       High Value
7367    19.0100002288818       Low Value
7368    797.909973144531       High Value
7369    15.1099996566772       Low Value
7370    47.5900001525879       Low Value
7371    44.5699996948242       Low Value
7372    105.930000305176       Low Value
7373    109.220001220703       Low Value
7374    52.1500015258789       Low Value
7375    74.3899993896484       Low Value
7376    41.9000015258789       Low Value
7377    164.910003662109       Low Value
7378    218.587524237491       Medium Value
7379    14.9700002670288       Low Value
7380    49.6800003051758       Low Value
7381    791.239990234375       High Value
7382    47.7599983215332       Low Value
7383    44.189998626709        Low Value
7384    33.2599983215332       Low Value
7385    110.330001831055       Low Value
7386    94.9199981689453       Low Value
7387    203.539993286133       Medium Value
7388    55.8300018310547       Low Value
7389    570.159973144531       High Value
7390    72.1699981689453       Low Value
7391    51.0099983215332       Low Value
7392    37.0200004577637       Low Value
7393    19.1399993896484       Low Value
7394    104.599998474121       Low Value
7395    749.039978027344       High Value
7396    297.940002441406       Medium Value
7397    393.019989013672       Medium Value
7398    140.470001220703       Low Value
7399    19.0300006866455       Low Value
7400    354.290008544922       Medium Value
7401    120.830001831055       Low Value
7402    220.839996337891       Medium Value
7403    29.0100002288818       Low Value
7404    28.5799999237061       Low Value
7405    39.0800018310547       Low Value
7406    108.900001525879       Low Value
7407    48.9199981689453       Low Value
7408    36.4300003051758       Low Value
7409    31.7299995422363       Low Value
7410    33.0299987792969       Low Value
7411    101.410003662109       Low Value
7412    116.220001220703       Low Value
7413    76.9499969482422       Low Value
7414    102.269996643066       Low Value
7415    28.0499992370605       Low Value
7416    976.049987792969       High Value
7417    100.360000610352       Low Value
7418    415.549987792969       Medium Value
7419    85.1900024414063       Low Value
7420    119.209999084473       Low Value
7421    36.2799987792969       Low Value
7422    22.9799995422363       Low Value
7423    263.529998779297       Medium Value
7424    157.210006713867       Low Value
7425    31.5799999237061       Low Value
7426    26.2399997711182       Low Value
7427    95.620002746582        Low Value
7428    45.9099998474121       Low Value
7429    18.9799995422363       Low Value
7430    96.9800033569336       Low Value
7431    45.5900001525879       Low Value
7432    282.420013427734       Medium Value
7433    81.129997253418        Low Value
7434    198.830001831055       Low Value
7435    218.587524237491       Medium Value
7436    76.9700012207031       Low Value
7437    35.3600006103516       Low Value
7438    1137.59997558594       High Value
7439    142.960006713867       Low Value
7440    30.5599994659424       Low Value
7441    14.3800001144409       Low Value
7442    28.6900005340576       Low Value
7443    46.4099998474121       Low Value
7444    20.8799991607666       Low Value
7445    323.769989013672       Medium Value
7446    187.119995117188       Low Value
7447    18.4099998474121       Low Value
7448    41.5699996948242       Low Value
7449    55.9500007629395       Low Value
7450    457.410003662109       Medium Value
7451    56                     Low Value
7452    96.5400009155273       Low Value
7453    415.119995117188       Medium Value
7454    44.4599990844727       Low Value
7455    508.059997558594       High Value
7456    603.650024414063       High Value
7457    272.260009765625       Medium Value
7458    33.7400016784668       Low Value
7459    73.9499969482422       Low Value
7460    17.3899993896484       Low Value
7461    280.619995117188       Medium Value
7462    178.490005493164       Low Value
7463    267.820007324219       Medium Value
7464    41.810001373291        Low Value
7465    792.369995117188       High Value
7466    100.730003356934       Low Value
7467    289.410003662109       Medium Value
7468    57.4900016784668       Low Value
7469    15.1999998092651       Low Value
7470    59.2999992370605       Low Value
7471    58.8400001525879       Low Value
7472    181.75                 Low Value
7473    261.359985351563       Medium Value
7474    52.3899993896484       Low Value
7475    17.9599990844727       Low Value
7476    141.720001220703       Low Value
7477    9.22000026702881       Low Value
7478    75.4700012207031       Low Value
7479    42.2999992370605       Low Value
7480    235.080001831055       Medium Value
7481    146.5                  Low Value
7482    47.4799995422363       Low Value
7483    191.119995117188       Low Value
7484    801.5                  High Value
7485    212.570007324219       Medium Value
7486    131.990005493164       Low Value
7487    109.870002746582       Low Value
7488    1158.89001464844       High Value
7489    36.5200004577637       Low Value
7490    63.7099990844727       Low Value
7491    44.7299995422363       Low Value
7492    1140.83996582031       High Value
7493    36.4500007629395       Low Value
7494    145.729995727539       Low Value
7495    88.8099975585938       Low Value
7496    133.199996948242       Low Value
7497    176.720001220703       Low Value
7498    95.7200012207031       Low Value
7499    11.5500001907349       Low Value
7500    37.7999992370605       Low Value
7130    123.690002441406       Low Value
7281    52.9799995422363       Low Value
7441    14.3800001144409       Low Value
7385    110.330001831055       Low Value
7226    36.9099998474121       Low Value
8125    16.7999992370605       Low Value
8038    95.5599975585938       Low Value
8283    44.189998626709        Low Value
8203    116.01000213623        Low Value

(509 rows affected)

OrderID CustomerID Sales
------- ---------- ----------------------
7001    39         702.140014648438
7002    3          1105.81005859375
7004    3          865.789978027344
7006    47         273.040008544922
7008    53         754.010009765625
7010    14         241.880004882813
7012    24         374.140014648438
7017    1          636.929992675781
7024    36         314.829986572266
7032    37         288.109985351563
7038    59         255.779998779297
7039    20         240.199996948242
7040    29         1134.43994140625
7041    57         683.599975585938
7057    28         853.179992675781
7061    5          1018.75
7062    34         366.079986572266
7065    46         370.179992675781
7068    38         336.190002441406
7070    15         540.669982910156
7071    48         237.699996948242
7073    31         397.690002441406
7075    3          254.960006713867
7080    8          235.300003051758
7081    66         1119.23999023438
7082    14         295.890014648438
7083    49         399.410003662109
7084    42         271.25
7086    24         348.160003662109
7088    50         379.809997558594
7094    41         306.059997558594
7096    50         721.469970703125
7098    15         390.290008544922
7100    27         331.720001220703
7101    11         839.429992675781
7105    35         457.829986572266
7109    43         370.769989013672
7114    31         533.969970703125
7118    62         314.130004882813
7124    7          280.320007324219
7127    52         416.359985351563
7128    54         218.587524237491
7132    43         841.869995117188
7134    49         1030.28002929688
7142    21         278.779998779297
7143    24         394.779998779297
7145    65         372.959991455078
7146    42         226.419998168945
7147    53         487.029998779297
7148    12         492.119995117188
7150    18         296.440002441406
7154    70         749.830017089844
7161    21         897.440002441406
7166    44         846.280029296875
7168    46         720.900024414063
7171    51         286.119995117188
7172    11         1041.07995605469
7173    6          1196.17004394531
7178    29         255.660003662109
7184    10         1055.40002441406
7186    25         908.539978027344
7190    37         347.670013427734
7193    13         313.209991455078
7196    32         378.720001220703
7197    41         543.409973144531
7198    22         373.179992675781
7199    57         357.179992675781
7203    49         885.210021972656
7209    17         545.809997558594
7210    30         822.669982910156
7212    18         270.950012207031
7213    35         887.039978027344
7214    21         982.440002441406
7215    5          281.260009765625
7224    14         847.919982910156
7227    45         283.700012207031
7228    46         1168.61999511719
7231    36         1022.96002197266
7235    1          361.859985351563
7236    23         285.850006103516
7245    43         308.420013427734
7251    29         282.130004882813
7253    48         387.209991455078
7256    27         228.479995727539
7258    16         866.309997558594
7272    31         259.630004882813
7273    5          248.960006713867
7274    11         855.039978027344
7279    47         1025.16003417969
7282    44         782.460021972656
7284    59         715.179992675781
7285    9          237.880004882813
7287    34         352.820007324219
7289    67         1078.93005371094
7290    19         228.520004272461
7291    48         297.720001220703
7294    44         244.490005493164
7295    22         359.829986572266
7297    53         225.160003662109
7298    6          301.25
7299    38         360.829986572266
7301    34         679.440002441406
7304    41         530.849975585938
7307    36         938.260009765625
7313    8          317.220001220703
7319    10         710.320007324219
7321    18         919.059997558594
7326    35         243.300003051758
7327    2          1099.08996582031
7332    62         242.449996948242
7333    4          697.719970703125
7335    50         972.919982910156
7348    10         1055.10998535156
7352    37         929.690002441406
7353    51         857.650024414063
7355    21         1033.2099609375
7356    5          218.587524237491
7358    28         1190.19995117188
7361    16         351.470001220703
7364    45         816.25
7366    8          557.880004882813
7368    9          797.909973144531
7378    4          218.587524237491
7381    27         791.239990234375
7389    11         570.159973144531
7395    2          749.039978027344
7396    14         297.940002441406
7397    37         393.019989013672
7400    33         354.290008544922
7402    4          220.839996337891
7416    11         976.049987792969
7418    58         415.549987792969
7423    40         263.529998779297
7432    21         282.420013427734
7435    36         218.587524237491
7438    56         1137.59997558594
7445    2          323.769989013672
7450    39         457.410003662109
7453    51         415.119995117188
7455    8          508.059997558594
7456    14         603.650024414063
7457    37         272.260009765625
7461    31         280.619995117188
7463    4          267.820007324219
7465    37         792.369995117188
7467    55         289.410003662109
7473    1          261.359985351563
7480    29         235.080001831055
7484    66         801.5
7488    48         1158.89001464844
7492    47         1140.83996582031

(151 rows affected)

CustomerID TotalSales
---------- ----------------------
11         4834.32988739014
21         3802.40998649597
37         3609.06999111176
10         3105.61001205444
3          2918.53005075455
36         2802.57754117475
47         2698.4700088501
49         2671.28005599976
14         2628.65003204346
46         2541.11000823975
28         2413.66994380951
2          2409.40993309021
50         2392.86994934082
18         2305.99999046326
66         2274.8399887085
48         2272.02000141144
29         2268.67995357513
5          2151.54753858075
44         2059.7000579834
4          2004.15750485883
6          1998.21004486084
34         1997.21999740601
67         1972.43004989624
43         1908.13000392914
35         1895.06996059418
51         1894.95001983643
31         1846.6599817276
12         1823.04999542236
57         1759.94996452332
8          1728.33000946045
53         1682.00001525879
15         1658.4799861908
41         1651.02995300293
1          1627.49996185303
39         1530.18003082275
27         1500.80998420715
59         1433.60999107361
32         1383.30999660492
24         1337.30001831055
56         1337.22997379303
30         1314.90997314453
16         1286.84999656677
45         1245.9100112915
40         1232.81000518799
25         1213.49997329712
22         1212.77998352051
9          1142.38998222351
62         1080.98000717163
38         1033.50998687744
17         971.919994354248
52         951.909986495972
70         912.120016098022
19         792.590003967285
65         747.959995269775
58         735.049991607666
69         705.400011062622
13         679.939990997314
33         647.840015411377
20         617.050001144409
42         573.509994506836
54         558.197526755191
63         554.239992141724
60         466.070007324219
23         456.880000114441
55         432.230007171631
7          389.840006828308
64         330.320007324219
26         280.679998397827
68         155.119997024536
61         135.600001335144
98         116.01000213623
96         95.5599975585938
97         44.189998626709
95         16.7999992370605

(74 rows affected)

OrderID CustomerID Sales                  RowNum
------- ---------- ---------------------- --------------------
7173    6          1196.17004394531       1
7358    28         1190.19995117188       2
7228    46         1168.61999511719       3
7488    48         1158.89001464844       4
7492    47         1140.83996582031       5
7438    56         1137.59997558594       6
7040    29         1134.43994140625       7
7081    66         1119.23999023438       8
7002    3          1105.81005859375       9
7327    2          1099.08996582031       10
7289    67         1078.93005371094       11
7184    10         1055.40002441406       12
7348    10         1055.10998535156       13
7172    11         1041.07995605469       14
7355    21         1033.2099609375        15
7134    49         1030.28002929688       16
7279    47         1025.16003417969       17
7231    36         1022.96002197266       18
7061    5          1018.75                19
7214    21         982.440002441406       20
7416    11         976.049987792969       21
7335    50         972.919982910156       22
7307    36         938.260009765625       23
7352    37         929.690002441406       24
7321    18         919.059997558594       25
7186    25         908.539978027344       26
7161    21         897.440002441406       27
7213    35         887.039978027344       28
7203    49         885.210021972656       29
7258    16         866.309997558594       30
7004    3          865.789978027344       31
7353    51         857.650024414063       32
7274    11         855.039978027344       33
7057    28         853.179992675781       34
7224    14         847.919982910156       35
7166    44         846.280029296875       36
7132    43         841.869995117188       37
7101    11         839.429992675781       38
7210    30         822.669982910156       39
7364    45         816.25                 40
7484    66         801.5                  41
7368    9          797.909973144531       42
7465    37         792.369995117188       43
7381    27         791.239990234375       44
7282    44         782.460021972656       45
7008    53         754.010009765625       46
7154    70         749.830017089844       47
7395    2          749.039978027344       48
7096    50         721.469970703125       49
7168    46         720.900024414063       50
7284    59         715.179992675781       51
7319    10         710.320007324219       52
7001    39         702.140014648438       53
7333    4          697.719970703125       54
7041    57         683.599975585938       55
7301    34         679.440002441406       56
7017    1          636.929992675781       57
7456    14         603.650024414063       58
7389    11         570.159973144531       59
7366    8          557.880004882813       60
7209    17         545.809997558594       61
7197    41         543.409973144531       62
7070    15         540.669982910156       63
7114    31         533.969970703125       64
7304    41         530.849975585938       65
7455    8          508.059997558594       66
7148    12         492.119995117188       67
7147    53         487.029998779297       68
7105    35         457.829986572266       69
7450    39         457.410003662109       70
7127    52         416.359985351563       71
7418    58         415.549987792969       72
7453    51         415.119995117188       73
7083    49         399.410003662109       74
7073    31         397.690002441406       75
7143    24         394.779998779297       76
7397    37         393.019989013672       77
7098    15         390.290008544922       78
7253    48         387.209991455078       79
7088    50         379.809997558594       80
7196    32         378.720001220703       81
7012    24         374.140014648438       82
7198    22         373.179992675781       83
7145    65         372.959991455078       84
7109    43         370.769989013672       85
7065    46         370.179992675781       86
7062    34         366.079986572266       87
7235    1          361.859985351563       88
7299    38         360.829986572266       89
7295    22         359.829986572266       90
7199    57         357.179992675781       91
7400    33         354.290008544922       92
7287    34         352.820007324219       93
7361    16         351.470001220703       94
7086    24         348.160003662109       95
7190    37         347.670013427734       96
7068    38         336.190002441406       97
7100    27         331.720001220703       98
7445    2          323.769989013672       99
7313    8          317.220001220703       100
7024    36         314.829986572266       101
7118    62         314.130004882813       102
7193    13         313.209991455078       103
7245    43         308.420013427734       104
7094    41         306.059997558594       105
7298    6          301.25                 106
7396    14         297.940002441406       107
7291    48         297.720001220703       108
7150    18         296.440002441406       109
7082    14         295.890014648438       110
7467    55         289.410003662109       111
7032    37         288.109985351563       112
7171    51         286.119995117188       113
7236    23         285.850006103516       114
7227    45         283.700012207031       115
7432    21         282.420013427734       116
7251    29         282.130004882813       117
7215    5          281.260009765625       118
7461    31         280.619995117188       119
7124    7          280.320007324219       120
7142    21         278.779998779297       121
7006    47         273.040008544922       122
7457    37         272.260009765625       123
7084    42         271.25                 124
7212    18         270.950012207031       125
7463    4          267.820007324219       126
7423    40         263.529998779297       127
7473    1          261.359985351563       128
7272    31         259.630004882813       129
7038    59         255.779998779297       130
7178    29         255.660003662109       131
7075    3          254.960006713867       132
7273    5          248.960006713867       133
7294    44         244.490005493164       134
7326    35         243.300003051758       135
7332    62         242.449996948242       136
7010    14         241.880004882813       137
7039    20         240.199996948242       138
7285    9          237.880004882813       139
7071    48         237.699996948242       140
7080    8          235.300003051758       141
7480    29         235.080001831055       142
7290    19         228.520004272461       143
7256    27         228.479995727539       144
7146    42         226.419998168945       145
7297    53         225.160003662109       146
7402    4          220.839996337891       147
7356    5          218.587524237491       148
7378    4          218.587524237491       149
7435    36         218.587524237491       150
7128    54         218.587524237491       151
7270    34         216.229995727539       152
7067    12         213.25                 153
7485    60         212.570007324219       154
7280    32         209.039993286133       155
7387    57         203.539993286133       156
7131    32         200.940002441406       157
7434    5          198.830001831055       158
7240    18         194.789993286133       159
7036    19         194.740005493164       160
7097    40         191.559997558594       161
7483    30         191.119995117188       162
7286    1          189.970001220703       163
7159    14         189.160003662109       164
7176    13         188.669998168945       165
7330    52         188.279998779297       166
7446    35         187.119995117188       167
7051    39         182.740005493164       168
7472    11         181.75                 169
7306    18         178.839996337891       170
7222    3          178.660003662109       171
7462    67         178.490005493164       172
7200    12         178.240005493164       173
7497    4          176.720001220703       174
7336    15         175.899993896484       175
7255    15         174.979995727539       176
7362    56         174.169998168945       177
7151    43         167.300003051758       178
7377    3          164.910003662109       179
7191    23         163.649993896484       180
7030    12         162.910003662109       181
7066    69         159.320007324219       182
7424    21         157.210006713867       183
7288    22         150.729995727539       184
7063    52         149.240005493164       185
7343    40         148.949996948242       186
7309    19         148.149993896484       187
7179    18         148.149993896484       188
7246    63         147.479995727539       189
7064    59         147.479995727539       190
7153    53         147.020004272461       191
7481    46         146.5                  192
7042    39         145.990005493164       193
7183    4          145.850006103516       194
7494    63         145.729995727539       195
7315    37         145.440002441406       196
7439    22         142.960006713867       197
7025    49         142.580001831055       198
7476    15         141.720001220703       199
7398    32         140.470001220703       200
7091    60         139.529998779297       201
7305    37         138.619995117188       202
7357    69         137.550003051758       203
7496    18         133.199996948242       204
7292    57         132.630004882813       205
7486    31         131.990005493164       206
7093    69         129.139999389648       207
7122    20         128.630004882813       208
7076    24         125.709999084473       209
7113    55         125.660003662109       210
7078    33         125.480003356934       211
7187    12         124.23999786377        212
7259    32         123.849998474121       213
7130    40         123.690002441406       214
7130    40         123.690002441406       215
7018    33         122.480003356934       216
7016    25         121.680000305176       217
7156    59         121.080001831055       218
7243    52         121.069999694824       219
7401    63         120.830001831055       220
7420    67         119.209999084473       221
7005    51         118.440002441406       222
7144    50         117.910003662109       223
7195    51         117.389999389648       224
7247    37         117.040000915527       225
7308    17         116.730003356934       226
7412    34         116.220001220703       227
7303    34         116.01000213623        228
8203    98         116.01000213623        229
7242    46         115.769996643066       230
7050    60         113.970001220703       231
7058    65         113.900001525879       232
7007    38         112.889999389648       233
7121    43         112.580001831055       234
7157    6          112.069999694824       235
7072    12         111.809997558594       236
7107    54         111.730003356934       237
7135    4          110.919998168945       238
7009    30         110.73999786377        239
7241    62         110.650001525879       240
7112    57         110.370002746582       241
7385    62         110.330001831055       242
7385    62         110.330001831055       243
7323    54         109.930000305176       244
7487    8          109.870002746582       245
7311    3          109.349998474121       246
7373    49         109.220001220703       247
7406    58         108.900001525879       248
7244    2          108.860000610352       249
7140    67         108.839996337891       250
7263    17         108.269996643066       251
7262    22         108.139999389648       252
7372    66         105.930000305176       253
7394    19         104.599998474121       254
7320    1          104.559997558594       255
7249    48         104.430000305176       256
7233    20         103.419998168945       257
7351    36         102.889999389648       258
7340    12         102.669998168945       259
7414    57         102.269996643066       260
7411    58         101.410003662109       261
7165    45         101.389999389648       262
7049    32         101.059997558594       263
7466    31         100.730003356934       264
7417    12         100.360000610352       265
7123    40         100.150001525879       266
7188    37         99.9199981689453       267
7260    40         98.120002746582        268
7430    41         96.9800033569336       269
7452    31         96.5400009155273       270
7498    4          95.7200012207031       271
7316    68         95.7099990844727       272
7427    28         95.620002746582        273
8038    96         95.5599975585938       274
7138    30         95.5599975585938       275
7386    50         94.9199981689453       276
7108    41         93.5800018310547       277
7116    67         93.3399963378906       278
7338    44         93.2600021362305       279
7033    10         92.5199966430664       280
7346    64         92.1100006103516       281
7022    69         91.9800033569336       282
7045    69         91.7699966430664       283
7345    47         90.1900024414063       284
7495    26         88.8099975585938       285
7328    29         88.2399978637695       286
7160    28         88.1900024414063       287
7035    12         88.0500030517578       288
7349    5          87.0899963378906       289
7163    29         86.9300003051758       290
7310    17         85.7699966430664       291
7015    64         85.5500030517578       292
7419    26         85.1900024414063       293
7302    51         84.9800033569336       294
7239    57         84.5299987792969       295
7047    28         82.7699966430664       296
7026    62         82.0800018310547       297
7103    67         81.370002746582        298
7433    25         81.129997253418        299
7060    69         78.2600021362305       300
7312    22         77.9400024414063       301
7347    21         77.6900024414063       302
7204    64         77.370002746582        303
7110    40         77.1600036621094       304
7436    36         76.9700012207031       305
7413    48         76.9499969482422       306
7223    17         76.5299987792969       307
7014    42         75.8399963378906       308
7164    11         75.7900009155273       309
7478    32         75.4700012207031       310
7117    27         75.2399978637695       311
7324    65         75.120002746582        312
7149    38         74.4599990844727       313
7375    47         74.3899993896484       314
7459    36         73.9499969482422       315
7085    20         73.4300003051758       316
7229    38         72.9700012207031       317
7055    3          72.370002746582        318
7390    50         72.1699981689453       319
7271    10         70.5899963378906       320
7031    49         69.5899963378906       321
7268    6          69.4899978637695       322
7028    53         68.7799987792969       323
7318    62         68.7099990844727       324
7189    15         67.8600006103516       325
7089    34         67.5800018310547       326
7331    67         67.3199996948242       327
7254    6          67.25                  328
7059    9          65.6600036621094       329
7074    12         65.5899963378906       330
7069    59         64.7600021362305       331
7207    15         64.4700012207031       332
7052    21         64.2099990844727       333
7490    32         63.7099990844727       334
7359    6          63.0400009155273       335
7152    59         62.8899993896484       336
7293    30         61.1800003051758       337
7257    11         60.8499984741211       338
7029    28         59.7099990844727       339
7470    58         59.2999992370605       340
7216    47         59.2099990844727       341
7053    12         59.1199989318848       342
7354    66         59.0099983215332       343
7317    19         58.8800010681152       344
7471    67         58.8400001525879       345
7155    66         58.3699989318848       346
7158    3          57.7599983215332       347
7314    19         57.7000007629395       348
7175    5          57.5499992370605       349
7468    11         57.4900016784668       350
7181    13         57.0699996948242       351
7087    12         57.0299987792969       352
7185    29         56.9300003051758       353
7322    64         56.8800010681152       354
7337    44         56.7599983215332       355
7208    24         56.1300010681152       356
7451    27         56                     357
7449    10         55.9500007629395       358
7043    25         55.8499984741211       359
7388    29         55.8300018310547       360
7276    65         55.7099990844727       361
7013    14         55.1699981689453       362
7201    36         54.1300010681152       363
7170    11         53.4799995422363       364
7334    32         53.2900009155273       365
7281    40         52.9799995422363       366
7281    40         52.9799995422363       367
7250    7          52.939998626709        368
7269    6          52.8400001525879       369
7046    18         52.7799987792969       370
7283    61         52.7000007629395       371
7474    26         52.3899993896484       372
7120    3          52.2400016784668       373
7374    6          52.1500015258789       374
7296    66         52.1399993896484       375
7391    54         51.0099983215332       376
7218    57         50.4500007629395       377
7248    4          49.9599990844727       378
7230    58         49.8899993896484       379
7020    59         49.8400001525879       380
7380    20         49.6800003051758       381
7363    2          49.5800018310547       382
7344    43         49.2400016784668       383
7350    3          49.0299987792969       384
7407    70         48.9199981689453       385
7174    11         48.7099990844727       386
7264    13         48.6500015258789       387
7192    67         48.5                   388
7382    16         47.7599983215332       389
7370    70         47.5900001525879       390
7482    34         47.4799995422363       391
7095    65         47.189998626709        392
7252    54         46.4500007629395       393
7443    41         46.4099998474121       394
7141    14         46.1500015258789       395
7428    37         45.9099998474121       396
7180    15         45.810001373291        397
7431    33         45.5900001525879       398
7003    10         45.3600006103516       399
7023    43         45.0900001525879       400
7491    1          44.7299995422363       401
7371    45         44.5699996948242       402
7454    35         44.4599990844727       403
7221    2          44.2599983215332       404
8283    97         44.189998626709        405
7383    67         44.189998626709        406
7341    18         43.7799987792969       407
7217    12         43.5699996948242       408
7365    38         43.1399993896484       409
7129    6          42.3800010681152       410
7479    62         42.2999992370605       411
7275    65         42.25                  412
7376    39         41.9000015258789       413
7464    70         41.810001373291        414
7048    66         41.6300010681152       415
7220    7          41.6100006103516       416
7448    6          41.5699996948242       417
7111    67         40.8499984741211       418
7056    65         40.8300018310547       419
7137    5          40.5200004577637       420
7125    67         40.2299995422363       421
7405    13         39.0800018310547       422
7077    17         38.810001373291        423
7219    24         38.3800010681152       424
7500    63         37.7999992370605       425
7392    66         37.0200004577637       426
7226    63         36.9099998474121       427
7226    63         36.9099998474121       428
7489    11         36.5200004577637       429
7493    44         36.4500007629395       430
7408    18         36.4300003051758       431
7421    52         36.2799987792969       432
7115    35         35.689998626709        433
7325    47         35.6399993896484       434
7437    34         35.3600006103516       435
7079    49         34.9900016784668       436
7211    28         34.1399993896484       437
7458    41         33.7400016784668       438
7232    50         33.6699981689453       439
7019    30         33.6399993896484       440
7384    13         33.2599983215332       441
7410    38         33.0299987792969       442
7409    37         31.7299995422363       443
7425    18         31.5799999237061       444
7440    11         30.5599994659424       445
7034    31         30.3799991607666       446
7403    21         29.0100002288818       447
7021    29         28.7900009155273       448
7442    35         28.6900005340576       449
7404    63         28.5799999237061       450
7415    26         28.0499992370605       451
7092    14         27.9099998474121       452
7234    61         27.6800003051758       453
7011    32         27.5400009155273       454
7104    9          26.4500007629395       455
7261    25         26.3400001525879       456
7426    26         26.2399997711182       457
7265    12         24.0900001525879       458
7206    70         23.9699993133545       459
7027    68         23.6299991607666       460
7422    14         22.9799995422363       461
7342    52         22.7199993133545       462
7139    20         21.6900005340576       463
7329    16         21.3099994659424       464
7106    61         20.9899997711182       465
7444    2          20.8799991607666       466
7182    54         20.4899997711182       467
7267    15         20.4300003051758       468
7339    10         20.3600006103516       469
7136    4          20.0200004577637       470
7238    25         19.9599990844727       471
7393    46         19.1399993896484       472
7399    61         19.0300006866455       473
7367    15         19.0100002288818       474
7429    68         18.9799995422363       475
7447    64         18.4099998474121       476
7169    27         18.1299991607666       477
7277    57         17.9899997711182       478
7475    52         17.9599990844727       479
7460    57         17.3899993896484       480
7167    69         17.3799991607666       481
7162    15         17.3400001525879       482
7300    55         17.1599998474121       483
8125    95         16.7999992370605       484
7225    68         16.7999992370605       485
7102    59         16.6000003814697       486
7133    29         15.8900003433228       487
7360    51         15.25                  488
7469    61         15.1999998092651       489
7369    31         15.1099996566772       490
7379    1          14.9700002670288       491
7237    7          14.9700002670288       492
7194    9          14.4899997711182       493
7441    29         14.3800001144409       494
7441    29         14.3800001144409       495
7205    2          13.9300003051758       496
7266    56         13.9099998474121       497
7202    1          13.1199998855591       498
7126    43         12.8599996566772       499
7054    67         12.3199996948242       500
7499    56         11.5500001907349       501
7278    35         10.9399995803833       502
7044    28         9.85999965667725       503
7477    32         9.22000026702881       504
7037    48         9.11999988555908       505
7090    3          7.65000009536743       506
7099    11         7.42000007629395       507
7119    23         7.38000011444092       508
7177    37         7.28999996185303       509

(509 rows affected)

OrderDate  OrderID Sales                  RunningTotal
---------- ------- ---------------------- ----------------------
2024-01-01 7184    1055.40002441406       1055.40002441406
2024-01-02 7197    543.409973144531       1598.80999755859
2024-01-02 7244    108.860000610352       1707.66999816895
2024-01-03 7100    331.720001220703       2039.38999938965
2024-01-05 7494    145.729995727539       2185.11999511719
2024-01-07 7035    88.0500030517578       2273.16999816895
2024-01-10 7474    52.3899993896484       2325.55999755859
2024-01-11 7257    60.8499984741211       2386.40999603271
2024-01-11 7212    270.950012207031       2657.36000823975
2024-01-12 7162    17.3400001525879       2674.70000839233
2024-01-13 7456    603.650024414063       3278.3500328064
2024-01-15 7247    117.040000915527       3395.39003372192
2024-01-15 7006    273.040008544922       3668.43004226685
2024-01-16 7010    241.880004882813       3910.31004714966
2024-01-17 7390    72.1699981689453       3982.4800453186
2024-01-18 7310    85.7699966430664       4068.25004196167
2024-01-18 7461    280.619995117188       4348.87003707886
2024-01-18 7008    754.010009765625       5102.88004684448
2024-01-20 7463    267.820007324219       5370.7000541687
2024-01-21 7362    174.169998168945       5544.87005233765
2024-01-23 7359    63.0400009155273       5607.91005325317
2024-01-23 7243    121.069999694824       5728.980052948
2024-01-24 7183    145.850006103516       5874.83005905151
2024-01-24 7117    75.2399978637695       5950.07005691528
2024-01-24 7317    58.8800010681152       6008.9500579834
2024-01-24 7327    1099.08996582031       7108.04002380371
2024-01-26 7354    59.0099983215332       7167.05002212524
2024-01-27 7074    65.5899963378906       7232.64001846313
2024-01-29 7381    791.239990234375       8023.88000869751
2024-01-31 7064    147.479995727539       8171.36000442505
2024-01-31 7156    121.080001831055       8292.4400062561
2024-02-01 7102    16.6000003814697       8309.04000663757
2024-02-02 7076    125.709999084473       8434.75000572205
2024-02-02 7057    853.179992675781       9287.92999839783
2024-02-02 7199    357.179992675781       9645.10999107361
2024-02-04 7180    45.810001373291        9690.9199924469
2024-02-05 7383    44.189998626709        9735.10999107361
2024-02-05 8283    44.189998626709        9779.29998970032
2024-02-08 7280    209.039993286133       9988.33998298645
2024-02-09 7218    50.4500007629395       10038.7899837494
2024-02-09 7173    1196.17004394531       11234.9600276947
2024-02-10 7045    91.7699966430664       11326.7300243378
2024-02-11 7149    74.4599990844727       11401.1900234222
2024-02-11 7338    93.2600021362305       11494.4500255585
2024-02-12 7330    188.279998779297       11682.7300243378
2024-02-13 7350    49.0299987792969       11731.7600231171
2024-02-13 7361    351.470001220703       12083.2300243378
2024-02-13 7452    96.5400009155273       12179.7700252533
2024-02-13 7067    213.25                 12393.0200252533
2024-02-14 7098    390.290008544922       12783.3100337982
2024-02-14 7329    21.3099994659424       12804.6200332642
2024-02-16 7340    102.669998168945       12907.2900314331
2024-02-16 7299    360.829986572266       13268.1200180054
2024-02-17 7122    128.630004882813       13396.7500228882
2024-02-18 7382    47.7599983215332       13444.5100212097
2024-02-19 7022    91.9800033569336       13536.4900245667
2024-02-20 7263    108.269996643066       13644.7600212097
2024-02-20 7398    140.470001220703       13785.2300224304
2024-02-21 7230    49.8899993896484       13835.1200218201
2024-02-22 7451    56                     13891.1200218201
2024-02-23 7406    108.900001525879       14000.0200233459
2024-02-23 7424    157.210006713867       14157.2300300598
2024-02-24 7222    178.660003662109       14335.8900337219
2024-02-24 7019    33.6399993896484       14369.5300331116
2024-02-25 7028    68.7799987792969       14438.3100318909
2024-02-25 7217    43.5699996948242       14481.8800315857
2024-02-26 7261    26.3400001525879       14508.2200317383
2024-02-26 7013    55.1699981689453       14563.3900299072
2024-02-26 7374    52.1500015258789       14615.5400314331
2024-02-26 7429    18.9799995422363       14634.5200309753
2024-02-28 7024    314.829986572266       14949.3500175476
2024-02-28 7269    52.8400001525879       15002.1900177002
2024-02-28 7234    27.6800003051758       15029.8700180054
2024-03-01 7447    18.4099998474121       15048.2800178528
2024-03-02 7405    39.0800018310547       15087.3600196838
2024-03-03 7289    1078.93005371094       16166.2900733948
2024-03-03 7342    22.7199993133545       16189.0100727081
2024-03-04 7265    24.0900001525879       16213.1000728607
2024-03-04 7193    313.209991455078       16526.3100643158
2024-03-07 7129    42.3800010681152       16568.6900653839
2024-03-08 7127    416.359985351563       16985.0500507355
2024-03-08 7251    282.130004882813       17267.1800556183
2024-03-09 7213    887.039978027344       18154.2200336456
2024-03-09 7142    278.779998779297       18433.0000324249
2024-03-10 7139    21.6900005340576       18454.690032959
2024-03-11 7171    286.119995117188       18740.8100280762
2024-03-12 7128    218.587524237491       18959.3975523137
2024-03-12 7009    110.73999786377        19070.1375501774
2024-03-12 7449    55.9500007629395       19126.0875509404
2024-03-13 7483    191.119995117188       19317.2075460576
2024-03-14 7145    372.959991455078       19690.1675375126
2024-03-15 7068    336.190002441406       20026.357539954
2024-03-15 7492    1140.83996582031       21167.1975057744
2024-03-15 7334    53.2900009155273       21220.4875066899
2024-03-15 7396    297.940002441406       21518.4275091313
2024-03-16 7315    145.440002441406       21663.8675115727
2024-03-16 7198    373.179992675781       22037.0475042485
2024-03-17 7304    530.849975585938       22567.8974798344
2024-03-18 7096    721.469970703125       23289.3674505375
2024-03-19 7324    75.120002746582        23364.4874532841
2024-03-20 7043    55.8499984741211       23420.3374517582
2024-03-21 7484    801.5                  24221.8374517582
2024-03-23 7488    1158.89001464844       25380.7274664067
2024-03-24 7016    121.680000305176       25502.4074667119
2024-03-26 7079    34.9900016784668       25537.3974683903
2024-03-27 7462    178.490005493164       25715.8874738835
2024-03-27 7305    138.619995117188       25854.5074690007
2024-03-28 7103    81.370002746582        25935.8774717473
2024-03-28 7121    112.580001831055       26048.4574735783
2024-03-28 7109    370.769989013672       26419.227462592
2024-03-29 7176    188.669998168945       26607.8974607609
2024-03-31 7157    112.069999694824       26719.9674604558
2024-03-31 7133    15.8900003433228       26735.8574607991
2024-03-31 7358    1190.19995117188       27926.0574119709
2024-04-01 7136    20.0200004577637       27946.0774124287
2024-04-01 7236    285.850006103516       28231.9274185322
2024-04-02 7155    58.3699989318848       28290.2974174641
2024-04-03 7339    20.3600006103516       28310.6574180745
2024-04-04 7328    88.2399978637695       28398.8974159382
2024-04-04 7442    28.6900005340576       28427.5874164723
2024-04-04 7432    282.420013427734       28710.0074299
2024-04-06 7153    147.020004272461       28857.0274341725
2024-04-07 7487    109.870002746582       28966.8974369191
2024-04-08 7276    55.7099990844727       29022.6074360035
2024-04-09 7113    125.660003662109       29148.2674396657
2024-04-09 7029    59.7099990844727       29207.9774387501
2024-04-10 7093    129.139999389648       29337.1174381398
2024-04-10 7203    885.210021972656       30222.3274601124
2024-04-10 7301    679.440002441406       30901.7674625538
2024-04-11 7336    175.899993896484       31077.6674564503
2024-04-11 7473    261.359985351563       31339.0274418019
2024-04-12 7040    1134.43994140625       32473.4673832081
2024-04-14 7219    38.3800010681152       32511.8473842762
2024-04-14 7229    72.9700012207031       32584.817385497
2024-04-14 7466    100.730003356934       32685.5473888539
2024-04-15 7470    59.2999992370605       32744.8473880909
2024-04-16 7436    76.9700012207031       32821.8173893116
2024-04-16 7256    228.479995727539       33050.2973850392
2024-04-16 7107    111.730003356934       33162.0273883961
2024-04-17 7191    163.649993896484       33325.6773822926
2024-04-17 7458    33.7400016784668       33359.4173839711
2024-04-17 7357    137.550003051758       33496.9673870228
2024-04-17 7415    28.0499992370605       33525.0173862599
2024-04-18 7395    749.039978027344       34274.0573642872
2024-04-18 7409    31.7299995422363       34305.7873638295
2024-04-18 7237    14.9700002670288       34320.7573640965
2024-04-18 7075    254.960006713867       34575.7173708104
2024-04-19 7038    255.779998779297       34831.4973695897
2024-04-19 7034    30.3799991607666       34861.8773687504
2024-04-19 7005    118.440002441406       34980.3173711918
2024-04-19 7252    46.4500007629395       35026.7673719548
2024-04-19 7413    76.9499969482422       35103.717368903
2024-04-19 7497    176.720001220703       35280.4373701237
2024-04-20 7341    43.7799987792969       35324.217368903
2024-04-22 7499    11.5500001907349       35335.7673690938
2024-04-22 7160    88.1900024414063       35423.9573715352
2024-04-23 7132    841.869995117188       36265.8273666523
2024-04-23 7430    96.9800033569336       36362.8073700093
2024-04-24 7325    35.6399993896484       36398.4473693989
2024-04-25 7001    702.140014648438       37100.5873840474
2024-04-26 7259    123.849998474121       37224.4373825215
2024-04-26 7378    218.587524237491       37443.024906759
2024-04-28 7115    35.689998626709        37478.7149053857
2024-05-01 7052    64.2099990844727       37542.9249044702
2024-05-01 7069    64.7600021362305       37607.6849066064
2024-05-02 7271    70.5899963378906       37678.2749029443
2024-05-03 7238    19.9599990844727       37698.2349020288
2024-05-03 7326    243.300003051758       37941.5349050805
2024-05-04 7420    119.209999084473       38060.744904165
2024-05-04 7479    42.2999992370605       38103.044903402
2024-05-04 7187    124.23999786377        38227.2849012658
2024-05-05 7092    27.9099998474121       38255.1949011132
2024-05-05 7391    51.0099983215332       38306.2048994348
2024-05-08 7054    12.3199996948242       38318.5248991296
2024-05-09 7443    46.4099998474121       38364.934898977
2024-05-13 7060    78.2600021362305       38443.1949011132
2024-05-16 7421    36.2799987792969       38479.4748998925
2024-05-18 7464    41.810001373291        38521.2849012658
2024-05-19 7417    100.360000610352       38621.6449018762
2024-05-20 7472    181.75                 38803.3949018762
2024-05-20 7228    1168.61999511719       39972.0148969934
2024-05-20 7282    782.460021972656       40754.474918966
2024-05-23 7118    314.130004882813       41068.6049238488
2024-05-24 7159    189.160003662109       41257.7649275109
2024-05-25 7493    36.4500007629395       41294.2149282739
2024-05-26 7258    866.309997558594       42160.5249258325
2024-05-27 7167    17.3799991607666       42177.9049249932
2024-05-27 7192    48.5                   42226.4049249932
2024-05-27 7033    92.5199966430664       42318.9249216363
2024-05-28 7081    1119.23999023438       43438.1649118707
2024-05-28 7388    55.8300018310547       43493.9949137017
2024-05-29 7027    23.6299991607666       43517.6249128625
2024-06-02 7047    82.7699966430664       43600.3949095056
2024-06-02 7138    95.5599975585938       43695.9549070642
2024-06-02 7459    73.9499969482422       43769.9049040124
2024-06-02 8038    95.5599975585938       43865.464901571
2024-06-03 7083    399.410003662109       44264.8749052331
2024-06-03 7066    159.320007324219       44424.1949125573
2024-06-04 7239    84.5299987792969       44508.7249113366
2024-06-05 7343    148.949996948242       44657.6749082849
2024-06-06 7356    218.587524237491       44876.2624325223
2024-06-06 7318    68.7099990844727       44944.9724316068
2024-06-06 7392    37.0200004577637       44981.9924320646
2024-06-06 7485    212.570007324219       45194.5624393888
2024-06-09 7410    33.0299987792969       45227.5924381681
2024-06-10 7188    99.9199981689453       45327.512436337
2024-06-11 7370    47.5900001525879       45375.1024364896
2024-06-12 7365    43.1399993896484       45418.2424358793
2024-06-12 7062    366.079986572266       45784.3224224515
2024-06-15 7400    354.290008544922       46138.6124309965
2024-06-16 7134    1030.28002929688       47168.8924602933
2024-06-16 7181    57.0699996948242       47225.9624599882
2024-06-17 7017    636.929992675781       47862.8924526639
2024-06-18 7080    235.300003051758       48098.1924557157
2024-06-20 7094    306.059997558594       48404.2524532743
2024-06-20 7189    67.8600006103516       48472.1124538846
2024-06-20 7210    822.669982910156       49294.7824367948
2024-06-21 7241    110.650001525879       49405.4324383207
2024-06-22 7204    77.370002746582        49482.8024410673
2024-06-22 7061    1018.75                50501.5524410673
2024-06-23 7403    29.0100002288818       50530.5624412961
2024-06-24 7371    44.5699996948242       50575.132440991
2024-06-24 8125    16.7999992370605       50591.932440228
2024-06-24 7211    34.1399993896484       50626.0724396177
2024-06-24 7225    16.7999992370605       50642.8724388547
2024-06-25 7215    281.260009765625       50924.1324486204
2024-06-26 7050    113.970001220703       51038.1024498411
2024-06-27 7224    847.919982910156       51886.0224327512
2024-06-27 7266    13.9099998474121       51899.9324325986
2024-06-27 7148    492.119995117188       52392.0524277158
2024-06-28 7126    12.8599996566772       52404.9124273725
2024-06-28 7300    17.1599998474121       52422.0724272199
2024-06-29 7226    36.9099998474121       52458.9824270673
2024-06-29 7226    36.9099998474121       52495.8924269147
2024-06-30 7349    87.0899963378906       52582.9824232526
2024-07-01 7412    116.220001220703       52699.2024244733
2024-07-01 7196    378.720001220703       53077.922425694
2024-07-03 7248    49.9599990844727       53127.8824247785
2024-07-03 7439    142.960006713867       53270.8424314924
2024-07-04 7135    110.919998168945       53381.7624296613
2024-07-05 7110    77.1600036621094       53458.9224333234
2024-07-05 7270    216.229995727539       53675.152429051
2024-07-05 7476    141.720001220703       53816.8724302717
2024-07-05 7344    49.2400016784668       53866.1124319501
2024-07-06 7140    108.839996337891       53974.952428288
2024-07-07 7071    237.699996948242       54212.6524252363
2024-07-08 7144    117.910003662109       54330.5624288984
2024-07-08 7437    35.3600006103516       54365.9224295087
2024-07-09 7404    28.5799999237061       54394.5024294324
2024-07-10 7422    22.9799995422363       54417.4824289747
2024-07-10 7151    167.300003051758       54584.7824320264
2024-07-10 7114    533.969970703125       55118.7524027296
2024-07-12 7249    104.430000305176       55223.1824030347
2024-07-12 7353    857.650024414063       56080.8324274488
2024-07-13 7366    557.880004882813       56638.7124323316
2024-07-13 7386    94.9199981689453       56733.6324305006
2024-07-14 7090    7.65000009536743       56741.2824305959
2024-07-14 7015    85.5500030517578       56826.8324336477
2024-07-15 7088    379.809997558594       57206.6424312063
2024-07-15 7208    56.1300010681152       57262.7724322744
2024-07-17 7397    393.019989013672       57655.7924212881
2024-07-17 7408    36.4300003051758       57692.2224215932
2024-07-17 7457    272.260009765625       57964.4824313589
2024-07-18 7347    77.6900024414063       58042.1724338003
2024-07-18 7285    237.880004882813       58280.0524386831
2024-07-18 7131    200.940002441406       58480.9924411245
2024-07-18 7039    240.199996948242       58721.1924380727
2024-07-20 7042    145.990005493164       58867.1824435659
2024-07-20 7032    288.109985351563       59155.2924289175
2024-07-20 7384    33.2599983215332       59188.552427239
2024-07-21 7195    117.389999389648       59305.9424266286
2024-07-22 7111    40.8499984741211       59346.7924251028
2024-07-22 7087    57.0299987792969       59403.8224238821
2024-07-22 7399    19.0300006866455       59422.8524245687
2024-07-22 7444    20.8799991607666       59443.7324237295
2024-07-23 7337    56.7599983215332       59500.492422051
2024-07-23 7275    42.25                  59542.742422051
2024-07-25 7393    19.1399993896484       59561.8824214406
2024-07-25 7051    182.740005493164       59744.6224269338
2024-07-26 7046    52.7799987792969       59797.4024257131
2024-07-27 7112    110.370002746582       59907.7724284597
2024-07-28 7283    52.7000007629395       59960.4724292226
2024-07-28 7223    76.5299987792969       60037.0024280019
2024-07-28 7389    570.159973144531       60607.1624011465
2024-07-28 7433    81.129997253418        60688.2923983999
2024-07-29 7331    67.3199996948242       60755.6123980947
2024-07-30 7376    41.9000015258789       60797.5123996206
2024-07-31 7179    148.149993896484       60945.6623935171
2024-07-31 7072    111.809997558594       61057.4723910757
2024-08-01 7255    174.979995727539       61232.4523868032
2024-08-02 7274    855.039978027344       62087.4923648305
2024-08-03 7233    103.419998168945       62190.9123629995
2024-08-03 7201    54.1300010681152       62245.0423640676
2024-08-04 7158    57.7599983215332       62302.8023623891
2024-08-04 7063    149.240005493164       62452.0423678823
2024-08-04 7368    797.909973144531       63249.9523410268
2024-08-05 7308    116.730003356934       63366.6823443838
2024-08-05 7232    33.6699981689453       63400.3523425527
2024-08-06 7380    49.6800003051758       63450.0323428579
2024-08-06 7498    95.7200012207031       63545.7523440786
2024-08-07 7477    9.22000026702881       63554.9723443456
2024-08-07 7026    82.0800018310547       63637.0523461767
2024-08-08 7245    308.420013427734       63945.4723596044
2024-08-09 7264    48.6500015258789       63994.1223611303
2024-08-09 7209    545.809997558594       64539.9323586889
2024-08-09 7290    228.520004272461       64768.4523629613
2024-08-10 7137    40.5200004577637       64808.9723634191
2024-08-12 7292    132.630004882813       64941.6023683019
2024-08-12 7377    164.910003662109       65106.512371964
2024-08-14 7450    457.410003662109       65563.9223756261
2024-08-15 7023    45.0900001525879       65609.0123757787
2024-08-15 7011    27.5400009155273       65636.5523766942
2024-08-16 7416    976.049987792969       66612.6023644872
2024-08-18 7078    125.480003356934       66738.0823678442
2024-08-18 7170    53.4799995422363       66791.5623673864
2024-08-19 7478    75.4700012207031       66867.0323686071
2024-08-20 7165    101.389999389648       66968.4223679967
2024-08-22 7287    352.820007324219       67321.242375321
2024-08-23 7367    19.0100002288818       67340.2523755498
2024-08-26 7260    98.120002746582        67438.3723782964
2024-08-27 7231    1022.96002197266       68461.3324002691
2024-08-27 7221    44.2599983215332       68505.5923985906
2024-08-27 7206    23.9699993133545       68529.562397904
2024-08-27 7202    13.1199998855591       68542.6823977895
2024-08-27 7018    122.480003356934       68665.1624011465
2024-08-28 7007    112.889999389648       68778.0524005361
2024-08-28 7058    113.900001525879       68891.952402062
2024-08-28 7053    59.1199989318848       68951.0724009939
2024-08-29 7262    108.139999389648       69059.2124003835
2024-08-29 7333    697.719970703125       69756.9323710866
2024-08-31 7351    102.889999389648       69859.8223704763
2024-08-31 7185    56.9300003051758       69916.7523707815
2024-09-01 7500    37.7999992370605       69954.5523700185
2024-09-01 7445    323.769989013672       70278.3223590322
2024-09-05 7441    14.3800001144409       70292.7023591466
2024-09-05 7441    14.3800001144409       70307.0823592611
2024-09-05 7055    72.370002746582        70379.4523620077
2024-09-06 7460    17.3899993896484       70396.8423613973
2024-09-06 7465    792.369995117188       71189.2123565145
2024-09-07 7323    109.930000305176       71299.1423568197
2024-09-07 7411    101.410003662109       71400.5523604818
2024-09-08 7298    301.25                 71701.8023604818
2024-09-08 7044    9.85999965667725       71711.6623601385
2024-09-08 7084    271.25                 71982.9123601385
2024-09-10 7320    104.559997558594       72087.4723576971
2024-09-11 7002    1105.81005859375       73193.2824162908
2024-09-11 7246    147.479995727539       73340.7624120183
2024-09-12 7174    48.7099990844727       73389.4724111028
2024-09-12 7296    52.1399993896484       73441.6124104925
2024-09-12 7372    105.930000305176       73547.5424107976
2024-09-15 7073    397.690002441406       73945.232413239
2024-09-15 7105    457.829986572266       74403.0623998113
2024-09-16 7143    394.779998779297       74797.8423985906
2024-09-17 7120    52.2400016784668       74850.0824002691
2024-09-17 7322    56.8800010681152       74906.9624013372
2024-09-17 7332    242.449996948242       75149.4123982854
2024-09-17 7454    44.4599990844727       75193.8723973699
2024-09-18 7481    146.5                  75340.3723973699
2024-09-18 7407    48.9199981689453       75389.2923955389
2024-09-19 7307    938.260009765625       76327.5524053045
2024-09-19 7475    17.9599990844727       76345.512404389
2024-09-19 7099    7.42000007629395       76352.9324044652
2024-09-19 7278    10.9399995803833       76363.8724040456
2024-09-20 7116    93.3399963378906       76457.2124003835
2024-09-21 7124    280.320007324219       76737.5324077077
2024-09-25 7448    41.5699996948242       76779.1024074026
2024-09-26 7012    374.140014648438       77153.242422051
2024-09-29 7291    297.720001220703       77450.9624232717
2024-09-29 7363    49.5800018310547       77500.5424251028
2024-09-30 7297    225.160003662109       77725.7024287649
2024-09-30 7166    846.280029296875       78571.9824580617
2024-09-30 7168    720.900024414063       79292.8824824758
2024-10-01 7486    131.990005493164       79424.872487969
2024-10-03 7423    263.529998779297       79688.4024867483
2024-10-03 7428    45.9099998474121       79734.3124865957
2024-10-03 7272    259.630004882813       79993.9424914785
2024-10-04 7014    75.8399963378906       80069.7824878164
2024-10-04 7108    93.5800018310547       80163.3624896474
2024-10-06 7082    295.890014648438       80459.2525042959
2024-10-06 7161    897.440002441406       81356.6925067373
2024-10-06 7401    120.830001831055       81477.5225085683
2024-10-07 7295    359.829986572266       81837.3524951406
2024-10-08 7440    30.5599994659424       81867.9124946065
2024-10-08 7175    57.5499992370605       81925.4624938436
2024-10-08 7030    162.910003662109       82088.3724975057
2024-10-10 7286    189.970001220703       82278.3424987264
2024-10-10 7446    187.119995117188       82465.4624938436
2024-10-11 7480    235.080001831055       82700.5424956747
2024-10-12 7496    133.199996948242       82833.7424926229
2024-10-12 7254    67.25                  82900.9924926229
2024-10-12 7220    41.6100006103516       82942.6024932333
2024-10-12 7048    41.6300010681152       82984.2324943014
2024-10-13 7321    919.059997558594       83903.29249186
2024-10-14 7279    1025.16003417969       84928.4525260396
2024-10-15 7345    90.1900024414063       85018.6425284811
2024-10-16 7303    116.01000213623        85134.6525306173
2024-10-16 8203    116.01000213623        85250.6625327535
2024-10-17 7020    49.8400001525879       85300.5025329061
2024-10-19 7495    88.8099975585938       85389.3125304647
2024-10-21 7469    15.1999998092651       85404.512530274
2024-10-23 7316    95.7099990844727       85500.2225293584
2024-10-24 7200    178.240005493164       85678.4625348516
2024-10-25 7467    289.410003662109       85967.8725385137
2024-10-26 7036    194.740005493164       86162.6125440069
2024-10-27 7037    9.11999988555908       86171.7325438924
2024-10-27 7147    487.029998779297       86658.7625426717
2024-10-27 7434    198.830001831055       86857.5925445028
2024-10-27 7435    218.587524237491       87076.1800687403
2024-10-28 7172    1041.07995605469       88117.260024795
2024-10-28 7106    20.9899997711182       88138.2500245661
2024-10-29 7178    255.660003662109       88393.9100282282
2024-10-29 7482    47.4799995422363       88441.3900277704
2024-10-29 7293    61.1800003051758       88502.5700280756
2024-10-29 7414    102.269996643066       88604.8400247187
2024-10-30 7302    84.9800033569336       88689.8200280756
2024-10-30 7489    36.5200004577637       88726.3400285334
2024-10-30 7253    387.209991455078       89113.5500199884
2024-10-30 7056    40.8300018310547       89154.3800218195
2024-10-31 7284    715.179992675781       89869.5600144953
2024-10-31 7426    26.2399997711182       89895.8000142664
2024-11-01 7031    69.5899963378906       89965.3900106043
2024-11-02 7277    17.9899997711182       89983.3800103754
2024-11-04 7152    62.8899993896484       90046.2700097651
2024-11-04 7352    929.690002441406       90975.9600122065
2024-11-04 7468    57.4900016784668       91033.4500138849
2024-11-06 7319    710.320007324219       91743.7700212091
2024-11-07 7123    100.150001525879       91843.920022735
2024-11-08 7104    26.4500007629395       91870.370023498
2024-11-08 7059    65.6600036621094       91936.0300271601
2024-11-08 7190    347.670013427734       92283.7000405878
2024-11-08 7273    248.960006713867       92532.6600473017
2024-11-09 7164    75.7900009155273       92608.4500482172
2024-11-10 7471    58.8400001525879       92667.2900483698
2024-11-11 7235    361.859985351563       93029.1500337214
2024-11-11 7101    839.429992675781       93868.5800263971
2024-11-12 7086    348.160003662109       94216.7400300592
2024-11-12 7385    110.330001831055       94327.0700318903
2024-11-12 7425    31.5799999237061       94358.650031814
2024-11-12 7385    110.330001831055       94468.9800336451
2024-11-14 7387    203.539993286133       94672.5200269312
2024-11-14 7373    109.220001220703       94781.7400281519
2024-11-14 7375    74.3899993896484       94856.1300275415
2024-11-15 7348    1055.10998535156       95911.2400128931
2024-11-16 7394    104.599998474121       96015.8400113672
2024-11-16 7150    296.440002441406       96312.2800138086
2024-11-17 7216    59.2099990844727       96371.4900128931
2024-11-17 7379    14.9700002670288       96386.4600131601
2024-11-17 7346    92.1100006103516       96478.5700137705
2024-11-18 7095    47.189998626709        96525.7600123972
2024-11-18 7125    40.2299995422363       96565.9900119394
2024-11-19 7214    982.440002441406       97548.4300143808
2024-11-19 7427    95.620002746582        97644.0500171274
2024-11-20 7312    77.9400024414063       97721.9900195688
2024-11-23 7294    244.490005493164       97966.480025062
2024-11-23 7207    64.4700012207031       98030.9500262827
2024-11-24 7227    283.700012207031       98314.6500384897
2024-11-25 7311    109.349998474121       98424.0000369638
2024-11-26 7419    85.1900024414063       98509.1900394052
2024-11-26 7453    415.119995117188       98924.3100345224
2024-11-27 7154    749.830017089844       99674.1400516123
2024-11-28 7313    317.220001220703       99991.360052833
2024-11-28 7288    150.729995727539       100142.090048561
2024-11-29 7267    20.4300003051758       100162.520048866
2024-11-29 7021    28.7900009155273       100191.310049781
2024-11-30 7049    101.059997558594       100292.37004734
2024-11-30 7119    7.38000011444092       100299.750047454
2024-12-01 7004    865.789978027344       101165.540025482
2024-12-04 7194    14.4899997711182       101180.030025253
2024-12-05 7281    52.9799995422363       101233.010024795
2024-12-05 7281    52.9799995422363       101285.990024337
2024-12-06 7491    44.7299995422363       101330.720023879
2024-12-06 7205    13.9300003051758       101344.650024185
2024-12-06 7003    45.3600006103516       101390.010024795
2024-12-06 7089    67.5800018310547       101457.590026626
2024-12-07 7369    15.1099996566772       101472.700026283
2024-12-08 7025    142.580001831055       101615.280028114
2024-12-08 7268    69.4899978637695       101684.770025978
2024-12-09 7418    415.549987792969       102100.32001377
2024-12-11 7314    57.7000007629395       102158.020014533
2024-12-11 7355    1033.2099609375        103191.229975471
2024-12-11 7250    52.939998626709        103244.169974098
2024-12-11 7091    139.529998779297       103383.699972877
2024-12-11 7077    38.810001373291        103422.50997425
2024-12-12 7402    220.839996337891       103643.349970588
2024-12-14 7335    972.919982910156       104616.269953498
2024-12-14 7070    540.669982910156       105156.939936408
2024-12-16 7097    191.559997558594       105348.499933967
2024-12-16 7169    18.1299991607666       105366.629933128
2024-12-16 7306    178.839996337891       105545.469929466
2024-12-17 7455    508.059997558594       106053.529927024
2024-12-18 7163    86.9300003051758       106140.459927329
2024-12-19 7065    370.179992675781       106510.639920005
2024-12-20 7438    1137.59997558594       107648.239895591
2024-12-21 7085    73.4300003051758       107721.669895896
2024-12-21 7240    194.789993286133       107916.459889182
2024-12-24 7186    908.539978027344       108824.99986721
2024-12-24 7360    15.25                  108840.24986721
2024-12-25 7130    123.690002441406       108963.939869651
2024-12-25 7130    123.690002441406       109087.629872093
2024-12-26 7041    683.599975585938       109771.229847679
2024-12-27 7141    46.1500015258789       109817.379849204
2024-12-28 7146    226.419998168945       110043.799847373
2024-12-29 7182    20.4899997711182       110064.289847145
2024-12-29 7242    115.769996643066       110180.059843788
2024-12-29 7309    148.149993896484       110328.209837684
2024-12-30 7490    63.7099990844727       110391.919836769
2024-12-30 7431    45.5900001525879       110437.509836921
2024-12-31 7364    816.25                 111253.759836921
2024-12-31 7177    7.28999996185303       111261.049836883

(509 rows affected)


Completion time: 2026-07-23T15:00:29.7295443+05:30
